Run Number,Plot Time (Time axis of TAPlot),OfficialTime (run time),SIS Channel, SIS Module,Counts
68475,0.029608699995151255,44544.751595399997,3,0,2
68475,0.031438400001206901,44544.753425100003,6,0,1
68475,0.031438400001206901,44544.753425100003,7,0,1
68475,0.057195399996999186,44544.779182099999,3,0,2
68475,0.061749799999233801,44544.783736500001,6,0,1
68475,0.061749799999233801,44544.783736500001,7,0,1
68475,0.071916900000360329,44544.793903600003,3,0,1
68475,0.076432699999713805,44544.798419400002,3,0,2
68475,0.083804999994754326,44544.805791699997,3,0,2
68475,0.087350399997376371,44544.8093371,3,0,1
68475,0.10622069999953965,44544.828207400002,3,0,2
68475,0.12981489999947371,44544.851801600002,3,0,1
68475,0.13803389999520732,44544.860020599997,3,0,1
68475,0.14373749999504071,44544.865724199997,3,0,1
68475,0.15293499999825144,44544.8749217,3,0,2
68475,0.15598299999692244,44544.877969699999,3,0,1
68475,0.1612537999972119,44544.883240499999,6,0,1
68475,0.1612537999972119,44544.883240499999,7,0,1
68475,0.16713139999774285,44544.8891181,3,0,2
68475,0.17069899999478366,44544.892685699997,3,0,2
68475,0.18073139999614796,44544.902718099998,3,0,1
68475,0.18469389999518171,44544.906680599997,3,0,1
68475,0.18981459999486106,44544.911801299997,3,0,2
68475,0.21891979999782052,44544.9409065,6,0,1
68475,0.21891979999782052,44544.9409065,7,0,1
68475,0.23975689999497263,44544.961743599997,3,0,1
68475,0.24066509999829577,44544.9626518,3,0,1
68475,0.24183600000105798,44544.963822700003,3,0,1
68475,0.25064639999618521,44544.972633099998,3,0,1
68475,0.25872189999790862,44544.9807086,3,0,2
68475,0.26632640000025276,44544.988313100002,3,0,2
68475,0.26685259999794653,44544.9888393,3,0,2
68475,0.26806479999504518,44544.990051499997,3,0,1
68475,0.28425099999731174,44545.006237699999,3,0,2
68475,0.29259509999974398,44545.014581800002,3,0,1
68475,0.29403140000067651,44545.016018100003,3,0,1
68475,0.29590359999565408,44545.017890299998,3,0,1
68475,0.30023259999870788,44545.022219300001,3,0,1
68475,0.30762379999941913,44545.029610500002,3,0,2
68475,0.31541959999594837,44545.037406299998,3,0,1
68475,0.32184119999874383,44545.043827900001,3,0,1
68475,0.32695819999935338,44545.048944900002,3,0,1
68475,0.32754339999519289,44545.049530099997,3,0,2
68475,0.32854389999556588,44545.050530599998,3,0,1
68475,0.3323722999994061,44545.054359000002,3,0,1
68475,0.33453169999847887,44545.056518400001,3,0,1
68475,0.33581479999702424,44545.057801499999,3,0,1
68475,0.34400919999461621,44545.065995899997,3,0,1
68475,0.37338949999684701,44545.095376199999,3,0,2
68475,0.37572329999966314,44545.097710000002,6,0,1
68475,0.37572329999966314,44545.097710000002,7,0,1
68475,0.39381629999843426,44545.115803000001,3,0,1
68475,0.40638269999908516,44545.128369400001,3,0,1
68475,0.42675980000058189,44545.148746500003,3,0,1
68475,0.43239850000099977,44545.154385200003,3,0,1
68475,0.43895150000025751,44545.160938200002,3,0,2
68475,0.46237349999864819,44545.184360200001,3,0,2
68475,0.46658909999678144,44545.188575799999,3,0,1
68475,0.4685989999998128,44545.190585700002,3,0,1
68475,0.47284319999744184,44545.1948299,3,0,1
68475,0.47457069999654777,44545.196557399999,3,0,1
68475,0.47511579999991227,44545.197102500002,3,0,1
68475,0.48162919999595033,44545.203615899998,3,0,2
68475,0.49580269999569282,44545.217789399998,3,0,1
68475,0.49820019999606302,44545.220186899998,3,0,1
68475,0.53981799999746727,44545.2618047,3,0,1
68475,0.56079150000005029,44545.282778200002,3,0,2
68475,0.57216289999632863,44545.294149599998,3,0,1
68475,0.57339679999859072,44545.295383500001,3,0,1
68475,0.58432339999853866,44545.306310100001,3,0,1
68475,0.58913709999615094,44545.311123799998,3,0,2
68475,0.59946179999678861,44545.321448499999,3,0,1
68475,0.61671799999749055,44545.3387047,3,0,2
68475,0.6320551999961026,44545.354041899998,3,0,1
68475,0.63938639999832958,44545.3613731,3,0,2
68475,0.64322019999963231,44545.365206900002,3,0,1
68475,0.65529249999963213,44545.377279200002,6,0,1
68475,0.65529249999963213,44545.377279200002,7,0,1
68475,0.66857739999977639,44545.390564100002,3,0,2
68475,0.67211379999935161,44545.394100500002,6,0,1
68475,0.67211379999935161,44545.394100500002,7,0,1
68475,0.70904729999892879,44545.431034000001,3,0,1
68475,0.71468549999553943,44545.436672199998,3,0,1
68475,0.73660129999916535,44545.458588000001,3,0,2
68475,0.7418171999961487,44545.463803899998,3,0,2
68475,0.74517569999443367,44545.467162399997,3,0,1
68475,0.7482936999949743,44545.470280399997,3,0,2
68475,0.74913979999837466,44545.471126500001,3,0,1
68475,0.76132520000101067,44545.483311900003,3,0,1
68475,0.76190869999845745,44545.483895400001,3,0,1
68475,0.77937549999478506,44545.501362199997,6,0,1
68475,0.77937549999478506,44545.501362199997,7,0,1
68475,0.79051199999958044,44545.512498700002,3,0,2
68475,0.79412929999671178,44545.516115999999,3,0,1
68475,0.80373049999616342,44545.525717199998,3,0,1
68475,0.82033689999661874,44545.542323599999,3,0,1
68475,0.82830699999612989,44545.550293699998,3,0,2
68475,0.8360130000000936,44545.557999700002,3,0,1
68475,0.83988729999691714,44545.561873999999,3,0,2
68475,0.84346160000131931,44545.565448300003,3,0,1
68475,0.85546479999902658,44545.577451500001,3,0,2
68475,0.86198229999718023,44545.583968999999,3,0,2
68475,0.8653109000006225,44545.587297600003,3,0,2
68475,0.86767580000014277,44545.589662500002,3,0,1
68475,0.87387579999631271,44545.595862499998,3,0,1
68475,0.90712069999426603,44545.629107399996,3,0,1
68475,0.92155709999497049,44545.643543799997,3,0,1
68475,0.93526709999423474,44545.657253799996,3,0,2
68475,0.94353549999505049,44545.665522199997,3,0,2
68475,0.97647049999795854,44545.6984572,3,0,1
68475,1.0067506999985198,44545.728737400001,3,0,1
68475,1.0086871999956202,44545.730673899998,3,0,1
68475,1.0166559999997844,44545.738642700002,3,0,1
68475,1.0203741000004811,44545.742360800003,3,0,2
68475,1.0486616999987746,44545.770648400001,3,0,2
68475,1.0508926999973482,44545.7728794,3,0,2
68475,1.0880756999977166,44545.8100624,3,0,2
68475,1.0926588000002084,44545.814645500002,3,0,2
68475,1.1124845000013011,44545.834471200003,3,0,1
68475,1.147620999996434,44545.869607699999,3,0,2
68475,1.1782951999994111,44545.900281900002,3,0,2
68475,1.1936339999956544,44545.915620699998,3,0,1
68475,1.2015867999944021,44545.923573499997,3,0,1
68475,1.210010599999805,44545.931997300002,3,0,2
68475,1.2105732999989414,44545.932560000001,3,0,1
68475,1.2248015000004671,44545.946788200003,6,0,1
68475,1.2248015000004671,44545.946788200003,7,0,1
68475,1.2248015000004671,44545.946788200003,3,0,1
68475,1.2505012999972678,44545.972487999999,3,0,1
68475,1.2648741000011796,44545.986860800003,3,0,1
68475,1.2726718999983859,44545.994658600001,3,0,1
68475,1.2783865999954287,44546.000373299998,3,0,1
68475,1.2910067999982857,44546.0129935,3,0,1
68475,1.3115660999974352,44546.0335528,3,0,2
68475,1.3138102000011713,44546.035796900003,3,0,1
68475,1.32700019999902,44546.048986900001,3,0,1
68475,1.3632975000000442,44546.085284200002,3,0,1
68475,1.3702005000013742,44546.092187200004,6,0,1
68475,1.3702005000013742,44546.092187200004,7,0,1
68475,1.372581600000558,44546.094568300003,3,0,1
68475,1.3764928999953554,44546.098479599998,3,0,2
68475,1.4028899999975692,44546.1248767,3,0,2
68475,1.4032886999993934,44546.125275400002,6,0,1
68475,1.4032886999993934,44546.125275400002,7,0,1
68475,1.4143598000009661,44546.136346500003,3,0,1
68475,1.4148320999956923,44546.136818799998,3,0,1
68475,1.4151139999958104,44546.137100699998,6,0,1
68475,1.4151139999958104,44546.137100699998,7,0,1
68475,1.418580400000792,44546.140567100003,3,0,1
68475,1.4358719000010751,44546.157858600003,3,0,1
68475,1.4589186000011978,44546.180905300003,3,0,1
68475,1.4826288999975077,44546.2046156,3,0,2
68475,1.5125858999963384,44546.234572599999,3,0,2
68475,1.5202161999986856,44546.242202900001,3,0,1
68475,1.5301037999961409,44546.252090499998,3,0,2
68475,1.545926499995403,44546.267913199998,3,0,1
68475,1.5538675999996485,44546.275854300002,3,0,2
68475,1.5573449000003166,44546.279331600002,3,0,1
68475,1.5721368000013172,44546.294123500003,3,0,2
68475,1.5810075999979745,44546.3029943,3,0,2
68475,1.5825363999974797,44546.3045231,3,0,1
68475,1.595748799998546,44546.317735500001,3,0,2
68475,1.6075256999974954,44546.3295124,3,0,2
68475,1.609740599997167,44546.331727299999,3,0,2
68475,1.6106304999993881,44546.332617200002,3,0,1
68475,1.6182283999951323,44546.340215099997,3,0,1
68475,1.634944400000677,44546.356931100003,3,0,2
68475,1.6402383999957237,44546.362225099998,3,0,2
68475,1.659900499995274,44546.381887199997,3,0,2
68475,1.6917872999983956,44546.413774000001,3,0,1
68475,1.6984129999982542,44546.4203997,3,0,2
68475,1.6999982999986969,44546.421985000001,3,0,1
68475,1.7071536000003107,44546.429140300002,3,0,2
68475,1.7205805999983568,44546.442567300001,6,0,1
68475,1.7205805999983568,44546.442567300001,7,0,1
68475,1.7387386999980663,44546.4607254,3,0,1
68475,1.7459687000009581,44546.467955400003,3,0,1
68475,1.7475512999953935,44546.469537999998,3,0,2
68475,1.7672356999973999,44546.4892224,3,0,1
68475,1.7809931000010693,44546.502979800003,3,0,1
68475,1.7814174999948591,44546.503404199997,3,0,1
68475,1.7858494999964023,44546.507836199999,6,0,1
68475,1.7858494999964023,44546.507836199999,7,0,1
68475,1.7896416000003228,44546.511628300002,6,0,1
68475,1.7896416000003228,44546.511628300002,7,0,1
68475,1.7923698999948101,44546.514356599997,3,0,1
68475,1.8138512000004994,44546.535837900003,3,0,1
68475,1.824709399996209,44546.546696099998,3,0,2
68475,1.826737299998058,44546.548724,3,0,1
68475,1.8409748999984004,44546.562961600001,3,0,1
68475,1.845692599999893,44546.567679300002,3,0,1
68475,1.8719166999944719,44546.593903399997,3,0,1
68475,1.8757039999982226,44546.5976907,3,0,2
68475,1.8821036999943317,44546.604090399996,3,0,1
68475,1.8875576999998884,44546.609544400002,6,0,1
68475,1.8875576999998884,44546.609544400002,7,0,1
68475,1.8944260999996914,44546.616412800002,3,0,1
68475,1.9110895999983768,44546.633076300001,3,0,1
68475,1.9122906999982661,44546.6342774,3,0,2
68475,1.9251510999965831,44546.647137799999,3,0,2
68475,1.9486699999979464,44546.6706567,3,0,1
68475,1.9564476999948965,44546.678434399997,3,0,1
68475,1.9660446999987471,44546.688031400001,3,0,1
68475,1.9848752999969292,44546.706861999999,3,0,1
68475,1.9992512999961036,44546.721237999998,3,0,1
68475,2.012843199998315,44546.7348299,3,0,2
68475,2.01824040000065,44546.740227100003,6,0,1
68475,2.01824040000065,44546.740227100003,7,0,1
68475,2.0237472999942838,44546.745733999996,3,0,1
68475,2.0246581999963382,44546.746644899999,3,0,1
68475,2.0344231999988551,44546.756409900001,3,0,1
68475,2.0344506999972509,44546.756437399999,3,0,1
68475,2.0376828999942518,44546.759669599996,3,0,2
68475,2.0728740999984439,44546.794860800001,3,0,2
68475,2.0766452999960165,44546.798631999998,3,0,2
68475,2.1110331999952905,44546.833019899997,6,0,1
68475,2.1110331999952905,44546.833019899997,7,0,1
68475,2.121499799999583,44546.843486500002,3,0,1
68475,2.121644799997739,44546.8436315,3,0,1
68475,2.1292937999969581,44546.851280499999,3,0,1
68475,2.1323014000008698,44546.854288100003,3,0,1
68475,2.1326592999976128,44546.854646,3,0,2
68475,2.1394058000005316,44546.861392500003,3,0,1
68475,2.1401381999967271,44546.862124899999,3,0,1
68475,2.174248199997237,44546.896234899999,3,0,1
68475,2.1825708999967901,44546.904557599999,3,0,2
68475,2.182833999999275,44546.904820700001,3,0,2
68475,2.186452999994799,44546.908439699997,3,0,2
68475,2.1899444999944535,44546.911931199997,3,0,2
68475,2.1943007000008947,44546.916287400003,6,0,1
68475,2.1943007000008947,44546.916287400003,7,0,1
68475,2.1953120999969542,44546.917298799999,3,0,2
68475,2.1983098999990034,44546.920296600001,3,0,2
68475,2.1994869999980438,44546.9214737,3,0,1
68475,2.2029799000010826,44546.924966600003,3,0,1
68475,2.2086527999999817,44546.930639500002,3,0,1
68475,2.212081899997429,44546.9340686,3,0,1
68475,2.2126977000007173,44546.934684400003,3,0,2
68475,2.2132289000001037,44546.935215600002,3,0,2
68475,2.2151580999998259,44546.937144800002,3,0,2
68475,2.2160216999982367,44546.9380084,3,0,1
68475,2.2196905999953742,44546.941677299998,3,0,2
68475,2.2336756000004243,44546.955662300003,3,0,2
68475,2.2369801999957417,44546.958966899998,3,0,2
68475,2.2700321000011172,44546.992018800003,3,0,2
68475,2.2720476999966195,44546.994034399999,3,0,2
68475,2.284122799996112,44547.006109499998,3,0,2
68475,2.2860245999981998,44547.0080113,3,0,1
68475,2.3011308999994071,44547.023117600002,3,0,1
68475,2.3096221999949194,44547.031608899997,6,0,1
68475,2.3096221999949194,44547.031608899997,7,0,1
68475,2.3096221999949194,44547.031608899997,3,0,1
68475,2.3176760999995167,44547.039662800002,3,0,1
68475,2.3197569999974803,44547.0417437,3,0,1
68475,2.3488049000006868,44547.070791600003,3,0,2
68475,2.3975353999994695,44547.119522100002,3,0,2
68475,2.3994976999965729,44547.121484399999,3,0,1
68475,2.4156580999988364,44547.137644800001,6,0,1
68475,2.4156580999988364,44547.137644800001,7,0,1
68475,2.4302890999970259,44547.152275799999,3,0,1
68475,2.4397973000013735,44547.161784000004,3,0,1
68475,2.4405747999990126,44547.162561500001,3,0,2
68475,2.4859785999942687,44547.207965299996,3,0,1
68475,2.4886571999959415,44547.210643899998,6,0,1
68475,2.4886571999959415,44547.210643899998,7,0,1
68475,2.5064226999966195,44547.228409399999,3,0,1
68475,2.5143571999942651,44547.236343899996,3,0,1
68475,2.5322831000012229,44547.254269800003,3,0,2
68475,2.5355415999947581,44547.257528299997,3,0,2
68475,2.5416027999963262,44547.263589499998,3,0,2
68475,2.5434556999971392,44547.265442399999,3,0,2
68475,2.5492895999996108,44547.271276300002,3,0,2
68475,2.5706389999977546,44547.2926257,3,0,2
68475,2.5748634999981732,44547.2968502,3,0,1
68475,2.584233999994467,44547.306220699997,3,0,1
68475,2.5853662000008626,44547.307352900003,3,0,1
68475,2.5872746999957599,44547.309261399998,3,0,1
68475,2.6034756000008201,44547.325462300003,3,0,1
68475,2.60949179999443,44547.331478499997,3,0,1
68475,2.6314877999975579,44547.3534745,3,0,2
68475,2.6337054999967222,44547.355692199999,3,0,1
68475,2.6428633999967133,44547.364850099999,3,0,1
68475,2.644298200000776,44547.366284900003,3,0,1
68475,2.6495731999966665,44547.371559899999,3,0,1
68475,2.6626580999945872,44547.384644799997,3,0,2
68475,2.6646091000002343,44547.386595800002,3,0,1
68475,2.6719153999947594,44547.393902099997,3,0,2
68475,2.6837216999992961,44547.405708400001,3,0,1
68475,2.685562899998331,44547.4075496,3,0,1
68475,2.6863567999971565,44547.408343499999,3,0,2
68475,2.7076024999987567,44547.429589200001,3,0,1
68475,2.7108105000006617,44547.432797200003,3,0,2
68475,2.7307845999966958,44547.452771299999,3,0,2
68475,2.7454910999949789,44547.467477799997,3,0,1
68475,2.7695310999988578,44547.491517800001,3,0,2
68475,2.7872072999962256,44547.509193999998,3,0,2
68475,2.7899940999996033,44547.511980800002,3,0,1
68475,2.7977390999949421,44547.519725799997,3,0,1
68475,2.8065877999979421,44547.5285745,3,0,1
68475,2.8103172999981325,44547.532304,6,0,1
68475,2.8103172999981325,44547.532304,7,0,1
68475,2.8104440999959479,44547.532430799998,3,0,2
68475,2.8153820000006817,44547.537368700003,3,0,2
68475,2.8409647999942536,44547.562951499996,3,0,2
68475,2.8425425999957952,44547.564529299998,3,0,2
68475,2.8631039999963832,44547.585090699999,3,0,1
68475,2.8655107999948086,44547.587497499997,6,0,1
68475,2.8655107999948086,44547.587497499997,7,0,1
68475,2.8898932000010973,44547.611879900003,3,0,1
68475,2.8919614999977057,44547.6139482,3,0,2
68475,2.8948856999995769,44547.616872400002,3,0,1
68475,2.907118499999342,44547.629105200002,3,0,1
68475,2.9391647000011289,44547.661151400003,3,0,1
68475,2.9449595999976736,44547.6669463,3,0,2
68475,2.9753821999984211,44547.697368900001,3,0,1
68475,2.9783066999953007,44547.700293399997,3,0,1
68475,3.0016456000012113,44547.723632300003,3,0,2
68475,3.0229571999952896,44547.744943899997,6,0,1
68475,3.0229571999952896,44547.744943899997,7,0,1
68475,3.0320949999950244,44547.754081699997,3,0,1
68475,3.0544711999973515,44547.7764579,3,0,1
68475,3.0627920999977505,44547.7847788,3,0,1
68475,3.0737650000010035,44547.795751700003,3,0,1
68475,3.082789000000048,44547.804775700002,3,0,1
68475,3.1176147000005585,44547.839601400003,3,0,2
68475,3.1237885000009555,44547.845775200003,3,0,1
68475,3.1531727999972645,44547.875159499999,3,0,1
68475,3.1622400999985985,44547.884226800001,3,0,1
68475,3.1790162999968743,44547.901002999999,3,0,1
68475,3.1791415999978199,44547.9011283,3,0,1
68475,3.1812521999963792,44547.903238899999,3,0,1
68475,3.1920906000013929,44547.914077300004,3,0,1
68475,3.1935879999946337,44547.915574699997,3,0,2
68475,3.2008023999951547,44547.922789099997,3,0,1
68475,3.2215802999999141,44547.943567000002,3,0,1
68475,3.2268107999989297,44547.948797500001,6,0,1
68475,3.2268107999989297,44547.948797500001,7,0,1
68475,3.2275669999944512,44547.949553699997,3,0,1
68475,3.2367502999986755,44547.958737000001,3,0,1
68475,3.2427956999963499,44547.964782399999,3,0,2
68475,3.2452932000014698,44547.967279900004,3,0,2
68475,3.247675699996762,44547.969662399999,3,0,1
68475,3.2582087999981013,44547.9801955,3,0,2
68475,3.2606012999967788,44547.982587999999,3,0,1
68475,3.2680868999959785,44547.990073599998,3,0,1
68475,3.2751362999988487,44547.997123000001,6,0,1
68475,3.2751362999988487,44547.997123000001,7,0,1
68475,3.2966388999993796,44548.018625600002,3,0,2
68475,3.3154686999987462,44548.037455400001,3,0,2
68475,3.3226241000011214,44548.044610800003,3,0,1
68475,3.3310750999953598,44548.053061799998,3,0,1
68475,3.3762368999960017,44548.098223599998,3,0,1
68475,3.37946920000104,44548.101455900003,3,0,1
68475,3.4082124999986263,44548.130199200001,3,0,1
68475,3.4100393999979133,44548.1320261,3,0,1
68475,3.4127165999962017,44548.134703299998,3,0,1
68475,3.4395651999948313,44548.161551899997,3,0,2
68475,3.4544046000009985,44548.176391300003,3,0,1
68475,3.45838069999445,44548.180367399997,3,0,1
68475,3.4907610999944154,44548.212747799997,3,0,2
68475,3.4909819999957108,44548.212968699998,3,0,1
68475,3.4976676000005682,44548.219654300003,3,0,1
68475,3.526663999997254,44548.248650699999,6,0,1
68475,3.526663999997254,44548.248650699999,7,0,1
68475,3.5489406999986386,44548.270927400001,3,0,2
68475,3.5542770999963977,44548.276263799999,3,0,1
68475,3.5804366000011214,44548.302423300003,3,0,2
68475,3.5981453999993391,44548.320132100002,3,0,1
68475,3.6224327999952948,44548.344419499997,3,0,1
68475,3.6236310999956913,44548.345617799998,3,0,2
68475,3.6284962999998243,44548.350483000002,6,0,1
68475,3.6284962999998243,44548.350483000002,7,0,1
68475,3.6416118999986793,44548.363598600001,3,0,2
68475,3.6448973000005935,44548.366884000003,3,0,2
68475,3.6599988999951165,44548.381985599997,3,0,2
68475,3.7010660999949323,44548.423052799997,3,0,1
68475,3.7019991999986814,44548.423985900001,3,0,2
68475,3.70406709999952,44548.426053800002,3,0,1
68475,3.751992400000745,44548.473979100003,3,0,1
68475,3.759502099994279,44548.481488799996,6,0,1
68475,3.759502099994279,44548.481488799996,7,0,1
68475,3.7697883000000729,44548.491775000002,6,0,1
68475,3.7697883000000729,44548.491775000002,7,0,1
68475,3.7697883000000729,44548.491775000002,3,0,1
68475,3.7746549000003142,44548.496641600002,3,0,1
68475,3.8070802000002004,44548.529066900002,3,0,1
68475,3.8165520999973523,44548.5385388,3,0,1
68475,3.817185599997174,44548.539172299999,3,0,1
68475,3.827944299999217,44548.549931000001,3,0,1
68475,3.8299039999983506,44548.551890700001,3,0,2
68475,3.8536241999972844,44548.575610899999,3,0,1
68475,3.8604887999972561,44548.582475499999,3,0,1
68475,3.8626987999959965,44548.584685499998,3,0,1
68475,3.8653945999976713,44548.5873813,3,0,1
68475,3.8784983000005013,44548.600485000003,3,0,2
68475,3.8807780999995884,44548.602764800002,6,0,1
68475,3.8807780999995884,44548.602764800002,7,0,1
68475,3.8857064999974682,44548.6076932,3,0,1
68475,3.8970906999966246,44548.619077399999,3,0,2
68475,3.9011802999957581,44548.623166999998,3,0,1
68475,3.9114074999961304,44548.633394199998,3,0,2
68475,3.9215844999998808,44548.643571200002,3,0,1
68475,3.9323494999989634,44548.654336200001,6,0,1
68475,3.9323494999989634,44548.654336200001,7,0,1
68475,3.9561437999946065,44548.678130499997,3,0,1
68475,4.0045995999971638,44548.726586299999,3,0,2
68475,4.0075882999954047,44548.729574999998,3,0,2
68475,4.0138819999992847,44548.735868700001,3,0,1
68475,4.0564479999957257,44548.778434699998,6,0,1
68475,4.0564479999957257,44548.778434699998,7,0,1
68475,4.0690590999947744,44548.791045799997,6,0,1
68475,4.0690590999947744,44548.791045799997,7,0,1
68475,4.0805677999960608,44548.802554499998,3,0,1
68475,4.0812069999956293,44548.803193699998,6,0,1
68475,4.0812069999956293,44548.803193699998,7,0,1
68475,4.0831603999977233,44548.8051471,3,0,1
68475,4.0893852000008337,44548.811371900003,3,0,1
68475,4.0910867999991751,44548.813073500001,3,0,1
68475,4.11125589999574,44548.833242599998,6,0,1
68475,4.11125589999574,44548.833242599998,7,0,1
68475,4.1282652000008966,44548.850251900003,3,0,2
68475,4.131018199994287,44548.853004899996,3,0,1
68475,4.1501916999986861,44548.872178400001,3,0,1
68475,4.1534686000013608,44548.875455300004,3,0,1
68475,4.1623829999953159,44548.884369699997,3,0,2
68475,4.1689723999952548,44548.890959099997,3,0,1
68475,4.1768465999994078,44548.898833300002,3,0,2
68475,4.1945219999979599,44548.9165087,6,0,1
68475,4.1945219999979599,44548.9165087,7,0,1
68475,4.2007610000000568,44548.922747700002,3,0,1
68475,4.2139316999964649,44548.935918399999,3,0,1
68475,4.2156963999950676,44548.937683099997,3,0,1
68475,4.2350895999989007,44548.957076300001,3,0,1
68475,4.2398969999994733,44548.961883700002,3,0,1
68475,4.2446606000012252,44548.966647300003,3,0,2
68475,4.2455335999984527,44548.967520300001,3,0,1
68475,4.2587179999973159,44548.980704699999,3,0,1
68475,4.2738444999995409,44548.995831200002,3,0,1
68475,4.2747520999982953,44548.9967388,3,0,1
68475,4.2989814999964437,44549.020968199999,3,0,1
68475,4.3011899999983143,44549.0231767,3,0,1
68475,4.3049226000002818,44549.026909300002,3,0,2
68475,4.3073837999982061,44549.0293705,3,0,1
68475,4.3083848999958718,44549.030371599998,3,0,1
68475,4.3115097999980208,44549.0334965,3,0,2
68475,4.3121301999999559,44549.034116900002,3,0,1
68475,4.3147211999967112,44549.036707899999,3,0,1
68475,4.3191428999998607,44549.041129600002,3,0,1
68475,4.3346802000014577,44549.056666900004,3,0,2
68475,4.3498646000007284,44549.071851300003,3,0,2
68475,4.3528411000006599,44549.074827800003,6,0,1
68475,4.3528411000006599,44549.074827800003,7,0,1
68475,4.357847799998126,44549.0798345,3,0,1
68475,4.3600445999982185,44549.0820313,3,0,1
68475,4.363302499994461,44549.085289199997,3,0,1
68475,4.366219399998954,44549.088206100001,3,0,1
68475,4.3810049999956391,44549.102991699998,3,0,2
68475,4.3882315999944694,44549.110218299997,3,0,1
68475,4.3969412000005832,44549.118927900003,3,0,1
68475,4.4061803000004147,44549.128167000003,3,0,1
68475,4.4078153000009479,44549.129802000003,3,0,1
68475,4.4091128000000026,44549.131099500002,3,0,2
68475,4.4097408999950858,44549.131727599997,3,0,2
68475,4.4490603000012925,44549.171047000003,3,0,1
68475,4.4571480000013253,44549.179134700003,3,0,1
68475,4.4577226999972481,44549.179709399999,3,0,2
68475,4.4724625999951968,44549.194449299997,3,0,1
68475,4.4800803999969503,44549.202067099999,3,0,1
68475,4.4948712999976124,44549.216858,3,0,1
68475,4.4952740999942762,44549.217260799996,3,0,2
68475,4.497227899999416,44549.219214600002,3,0,2
68475,4.4988429000004544,44549.220829600003,3,0,2
68475,4.5041654999949969,44549.226152199997,3,0,1
68475,4.513417499998468,44549.235404200001,3,0,1
68475,4.537232499998936,44549.259219200001,3,0,2
68475,4.5418815000011818,44549.263868200003,3,0,1
68475,4.5456501999942702,44549.267636899996,3,0,1
68475,4.554322999996657,44549.276309699999,3,0,1
68475,4.5727170999962254,44549.294703799998,3,0,2
68475,4.5776363999975729,44549.2996231,3,0,2
68475,4.5931038999988232,44549.315090600001,3,0,1
68475,4.5993611000012606,44549.321347800003,3,0,2
68475,4.6170391999985441,44549.339025900001,6,0,1
68475,4.6170391999985441,44549.339025900001,7,0,1
68475,4.6722627999988617,44549.394249500001,3,0,2
68475,4.6918120999980601,44549.4137988,3,0,2
68475,4.7022499999948195,44549.424236699997,3,0,1
68475,4.7320876999947359,44549.454074399997,3,0,1
68475,4.7480578999966383,44549.470044599999,3,0,1
68475,4.7597019999957411,44549.481688699998,3,0,1
68475,4.7606163999953424,44549.482603099998,3,0,2
68475,4.763139399998181,44549.4851261,3,0,2
68475,4.7665144999991753,44549.488501200001,3,0,1
68475,4.7674618999953964,44549.489448599998,6,0,1
68475,4.7674618999953964,44549.489448599998,7,0,1
68475,4.7691959000003408,44549.491182600003,3,0,1
68475,4.7935110999969766,44549.515497799999,3,0,1
68475,4.8099957000013092,44549.531982400003,3,0,2
68475,4.822339499994996,44549.544326199997,3,0,2
68475,4.8255728000003728,44549.547559500003,3,0,1
68475,4.8285912999999709,44549.550578000002,3,0,1
68475,4.8567878999965615,44549.578774599999,3,0,1
68475,4.8952696999986074,44549.617256400001,3,0,2
68475,4.897069399994507,44549.619056099997,3,0,2
68475,4.927059299996472,44549.649045999999,3,0,1
68475,4.945519000000786,44549.667505700003,3,0,1
68475,4.9632383999996819,44549.685225100002,6,0,1
68475,4.9632383999996819,44549.685225100002,7,0,1
68475,5.0100505000009434,44549.732037200003,3,0,1
68475,5.0119985999990604,44549.733985300001,3,0,2
68475,5.0156347999945865,44549.737621499997,3,0,1
68475,5.0197139000010793,44549.741700600003,3,0,1
68475,5.0211834000001545,44549.743170100002,3,0,1
68475,5.0350924999947893,44549.757079199997,3,0,1
68475,5.0355119000014383,44549.757498600004,3,0,1
68475,5.0422448999961489,44549.764231599998,3,0,1
68475,5.056431099998008,44549.7784178,3,0,1
68475,5.0587892999974429,44549.780776,3,0,2
68475,5.0632843999992474,44549.785271100001,3,0,1
68475,5.0937991999962833,44549.815785899998,3,0,1
68475,5.1043161999987205,44549.826302900001,3,0,1
68475,5.1123444999975618,44549.8343312,3,0,2
68475,5.132862300000852,44549.854849000003,3,0,2
68475,5.1329203999994206,44549.854907100002,3,0,1
68475,5.1352951999942889,44549.857281899996,3,0,2
68475,5.1460260999956517,44549.868012799998,3,0,1
68475,5.1512862999952631,44549.873272999997,3,0,1
68475,5.1566333999944618,44549.878620099997,3,0,1
68475,5.1627392000009422,44549.884725900003,6,0,1
68475,5.1627392000009422,44549.884725900003,7,0,1
68475,5.1650269999954617,44549.887013699998,3,0,1
68475,5.1715686999959871,44549.893555399998,3,0,2
68475,5.1823632999949041,44549.904349999997,3,0,2
68475,5.1962585000001127,44549.918245200002,3,0,2
68475,5.1971141999965766,44549.919100899999,3,0,1
68475,5.1987399999998161,44549.920726700002,3,0,2
68475,5.1988367999947513,44549.920823499997,3,0,2
68475,5.2044356999977026,44549.9264224,3,0,2
68475,5.2200290999971912,44549.942015799999,6,0,1
68475,5.2200290999971912,44549.942015799999,7,0,1
68475,5.2200290999971912,44549.942015799999,3,0,2
68475,5.2304146999958903,44549.952401399998,3,0,2
68475,5.2731351999973413,44549.9951219,3,0,2
68475,5.3138710999992327,44550.035857800001,6,0,1
68475,5.3138710999992327,44550.035857800001,7,0,1
68475,5.3138710999992327,44550.035857800001,3,0,1
68475,5.3176524999944377,44550.039639199997,3,0,2
68475,5.3188941999978852,44550.0408809,3,0,1
68475,5.3201119000004837,44550.042098600003,3,0,1
68475,5.3263746000011452,44550.048361300003,3,0,2
68475,5.3421719999969355,44550.064158699999,3,0,1
68475,5.3482589999985066,44550.070245700001,3,0,2
68475,5.3649701999966055,44550.086956899999,3,0,1
68475,5.3690156000011484,44550.091002300003,3,0,2
68475,5.3691455000007409,44550.091132200003,3,0,2
68475,5.3733276999992086,44550.095314400001,3,0,1
68475,5.3824595999976736,44550.1044463,3,0,2
68475,5.4376629999969737,44550.159649699999,3,0,2
68475,5.4436177999959909,44550.165604499998,3,0,1
68475,5.444012499996461,44550.165999199999,3,0,1
68475,5.4696708999981638,44550.1916576,3,0,2
68475,5.4715639999994892,44550.193550700002,3,0,2
68475,5.4800207000007504,44550.202007400003,3,0,2
68475,5.4903992999970797,44550.212385999999,3,0,1
68475,5.4936109999980545,44550.2155977,3,0,2
68475,5.502479199996742,44550.224465899999,3,0,2
68475,5.5032009999995353,44550.225187700002,3,0,1
68475,5.5165752999964752,44550.238561999999,3,0,1
68475,5.5253536999953212,44550.247340399997,3,0,1
68475,5.5272874000002048,44550.249274100002,3,0,2
68475,5.5304383999973652,44550.2524251,3,0,1
68475,5.5349204999947688,44550.256907199997,3,0,1
68475,5.5398796000008588,44550.261866300003,3,0,2
68475,5.5643163999993703,44550.286303100002,6,0,1
68475,5.5643163999993703,44550.286303100002,7,0,1
68475,5.5832444999978179,44550.3052312,3,0,2
68475,5.5906026999946334,44550.312589399997,3,0,2
68475,5.5979577999969479,44550.319944499999,3,0,1
68475,5.606808299999102,44550.328795000001,3,0,1
68475,5.610007700001006,44550.331994400003,6,0,1
68475,5.610007700001006,44550.331994400003,7,0,1
68475,5.6222811999978148,44550.3442679,3,0,2
68475,5.6300701000000117,44550.352056800002,6,0,1
68475,5.6300701000000117,44550.352056800002,7,0,1
68475,5.6328030000004219,44550.354789700003,3,0,1
68475,5.6620662999994238,44550.384053000002,6,0,1
68475,5.6620662999994238,44550.384053000002,7,0,1
68475,5.6620662999994238,44550.384053000002,3,0,2
68475,5.663312999997288,44550.385299699999,6,0,1
68475,5.663312999997288,44550.385299699999,7,0,1
68475,5.6814669999948819,44550.403453699997,3,0,1
68475,5.6948434000005363,44550.416830100003,3,0,1
68475,5.696090199999162,44550.418076900001,3,0,2
68475,5.7033388999989256,44550.425325600001,3,0,2
68475,5.7268579999945359,44550.448844699997,6,0,1
68475,5.7268579999945359,44550.448844699997,7,0,1
68475,5.729547700000694,44550.451534400003,3,0,1
68475,5.7410988999981782,44550.4630856,3,0,1
68475,5.7525431999965804,44550.474529899999,3,0,1
68475,5.7994669999970938,44550.521453699999,3,0,2
68475,5.809180699994613,44550.531167399997,3,0,1
68475,5.8771474999957718,44550.599134199998,3,0,1
68475,5.8878426000010222,44550.609829300003,3,0,1
68475,5.8960641000012401,44550.618050800003,3,0,1
68475,5.8977585999964504,44550.619745299999,3,0,1
68475,5.8986609999992652,44550.620647700001,3,0,1
68475,5.901562200000626,44550.623548900003,6,0,1
68475,5.901562200000626,44550.623548900003,7,0,1
68475,5.915710900000704,44550.637697600003,3,0,2
68475,5.9290698999975575,44550.6510566,3,0,1
68475,5.9406210999950417,44550.662607799997,3,0,2
68475,5.9555188000013004,44550.677505500003,3,0,1
68475,5.959129099996062,44550.681115799998,6,0,1
68475,5.959129099996062,44550.681115799998,7,0,1
68475,5.9659729999984847,44550.687959700001,6,0,1
68475,5.9659729999984847,44550.687959700001,7,0,1
68475,5.9751601999960258,44550.697146899998,3,0,1
68475,5.978820899996208,44550.700807599998,3,0,1
68475,5.984777400000894,44550.706764100003,3,0,1
68475,6.0005575999966823,44550.722544299999,3,0,1
68475,6.0089907000001404,44550.730977400002,3,0,1
68475,6.0465847000014037,44550.768571400004,3,0,1
68475,6.0478306000004523,44550.769817300003,3,0,2
68475,6.0578015999999479,44550.779788300002,3,0,2
68475,6.0647712999998475,44550.786758000002,6,0,1
68475,6.0647712999998475,44550.786758000002,7,0,1
68475,6.0708976999958395,44550.792884399998,3,0,2
68475,6.0962731999970856,44550.818259899999,3,0,2
68475,6.1019720999975107,44550.8239588,3,0,1
68475,6.1104870999988634,44550.832473800001,3,0,1
68475,6.1129657999990741,44550.834952500001,3,0,1
68475,6.1136697999972966,44550.835656499999,3,0,2
68475,6.1282828999974299,44550.8502696,6,0,1
68475,6.1282828999974299,44550.8502696,7,0,1
68475,6.1288949999943725,44550.850881699997,3,0,1
68475,6.1307760999989114,44550.852762800001,3,0,1
68475,6.1473089999999502,44550.869295700002,3,0,1
68475,6.1522417000014684,44550.874228400004,3,0,1
68475,6.1666419999965001,44550.888628699999,3,0,2
68475,6.169375499994203,44550.891362199996,3,0,2
68475,6.1696423999965191,44550.891629099999,3,0,2
68475,6.1739736999952584,44550.895960399997,3,0,1
68475,6.1773713000002317,44550.899358000002,3,0,1
68475,6.1839097999982187,44550.9058965,3,0,1
68475,6.1840251999965403,44550.906011899999,3,0,2
68475,6.1863868000000366,44550.908373500002,3,0,1
68475,6.1933413000006112,44550.915328000003,3,0,1
68475,6.2074418999982299,44550.9294286,3,0,1
68475,6.2169461999947089,44550.938932899997,3,0,1
68475,6.2178710000007413,44550.939857700003,3,0,1
68475,6.2449501000010059,44550.966936800003,3,0,2
68475,6.2581894999966607,44550.980176199999,3,0,1
68475,6.2641061999966041,44550.986092899999,3,0,1
68475,6.2663468999962788,44550.988333599998,6,0,1
68475,6.2663468999962788,44550.988333599998,7,0,1
68475,6.2680232999991858,44550.990010000001,3,0,1
68475,6.2864333999968949,44551.008420099999,6,0,1
68475,6.2864333999968949,44551.008420099999,7,0,1
68475,6.3246421000003465,44551.046628800003,3,0,1
68475,6.3276896999959718,44551.049676399998,3,0,2
68475,6.3373491999955149,44551.059335899998,3,0,2
68475,6.3404363000008743,44551.062423000003,3,0,1
68475,6.3456144999945536,44551.067601199997,6,0,1
68475,6.3456144999945536,44551.067601199997,7,0,1
68475,6.3528267000001506,44551.074813400002,3,0,1
68475,6.3588495000003604,44551.080836200003,3,0,1
68475,6.3600469000011799,44551.082033600003,3,0,2
68475,6.3690496999988682,44551.091036400001,3,0,2
68475,6.3788211999999476,44551.100807900002,3,0,1
68475,6.3896992999943905,44551.111685999997,3,0,1
68475,6.3913756999972975,44551.113362399999,3,0,2
68475,6.3963179999991553,44551.118304700001,6,0,1
68475,6.3963179999991553,44551.118304700001,7,0,1
68475,6.4080294000013964,44551.130016100004,3,0,2
68475,6.4137263999946299,44551.135713099997,3,0,1
68475,6.4166474999947241,44551.138634199997,3,0,1
68475,6.4175744999956805,44551.139561199998,3,0,1
68475,6.4306512999974075,44551.152638,3,0,1
68475,6.4377068999965559,44551.159693599999,3,0,1
68475,6.4394819999943138,44551.161468699996,3,0,1
68475,6.4531715999983135,44551.1751583,3,0,1
68475,6.4535670999975991,44551.1755538,3,0,1
68475,6.4670698999980232,44551.1890566,3,0,2
68475,6.4771781999952509,44551.199164899997,3,0,1
68475,6.5025584999966668,44551.224545199999,3,0,1
68475,6.5098667999991449,44551.231853500001,3,0,2
68475,6.5166757999977563,44551.2386625,3,0,1
68475,6.5339068999965093,44551.255893599999,3,0,1
68475,6.5396266999960062,44551.261613399998,3,0,2
68475,6.5488377000001492,44551.270824400002,3,0,1
68475,6.5721902000004775,44551.294176900003,3,0,1
68475,6.5857345999975223,44551.3077213,6,0,1
68475,6.5857345999975223,44551.3077213,7,0,1
68475,6.5884417999986908,44551.310428500001,3,0,2
68475,6.6133459999982733,44551.3353327,3,0,1
68475,6.622115499994834,44551.344102199997,3,0,1
68475,6.630586499995843,44551.352573199998,3,0,1
68475,6.6369914999959292,44551.358978199998,3,0,1
68475,6.643356100001256,44551.365342800003,3,0,2
68475,6.6459084999951301,44551.367895199997,6,0,1
68475,6.6459084999951301,44551.367895199997,7,0,1
68475,6.6504123999984586,44551.372399100001,3,0,2
68475,6.6598592999944231,44551.381845999997,3,0,1
68475,6.6664530999987619,44551.388439800001,3,0,2
68475,6.6894379000004847,44551.411424600003,3,0,1
68475,6.7191696999943815,44551.441156399997,3,0,1
68475,6.7297335999974166,44551.4517203,3,0,1
68475,6.729924299994309,44551.451910999996,3,0,2
68475,6.744292299998051,44551.466279,3,0,1
68475,6.7462860999949044,44551.468272799997,3,0,1
68475,6.7521692000009352,44551.474155900003,3,0,1
68475,6.7524386000004597,44551.474425300003,3,0,2
68475,6.7702579999968293,44551.492244699999,3,0,1
68475,6.7820035999975516,44551.5039903,3,0,1
68475,6.8118323999951826,44551.533819099997,3,0,1
68475,6.8222272999992128,44551.544214000001,3,0,1
68475,6.8324285999988206,44551.554415300001,3,0,2
68475,6.8427641999951447,44551.564750899997,3,0,1
68475,6.8454247999979998,44551.5674115,3,0,1
68475,6.8707021999944118,44551.592688899997,3,0,1
68475,6.8712184999967576,44551.593205199999,6,0,1
68475,6.8712184999967576,44551.593205199999,7,0,1
68475,6.8770612000007532,44551.599047900003,3,0,2
68475,6.8836063999988255,44551.605593100001,3,0,1
68475,6.9322777999987011,44551.654264500001,3,0,2
68475,6.9382566999993287,44551.660243400001,3,0,1
68475,6.9453352999989875,44551.667322000001,3,0,1
68475,6.9523427999956766,44551.674329499998,3,0,1
68475,6.9613438999949722,44551.683330599997,3,0,1
68475,6.9840162999971653,44551.706002999999,3,0,1
68475,6.9851398999962839,44551.707126599998,3,0,1
68475,6.9963847999970312,44551.718371499999,3,0,1
68475,7.0003040000010515,44551.722290700003,3,0,1
68475,7.0011416999986977,44551.723128400001,3,0,1
68475,7.0139913999955752,44551.735978099998,3,0,2
68475,7.0362327999973786,44551.7582195,3,0,1
68475,7.0558281999983592,44551.777814900001,3,0,2
68475,7.1066573999996763,44551.828644100002,3,0,2
68475,7.1076609000010649,44551.829647600003,3,0,2
68475,7.1096879999968223,44551.831674699999,3,0,1
68475,7.1120057000007364,44551.833992400003,3,0,2
68475,7.1150391999981366,44551.8370259,3,0,2
68475,7.1424135999986902,44551.864400300001,3,0,1
68475,7.1457931999975699,44551.8677799,3,0,2
68475,7.1480717999947956,44551.870058499997,3,0,1
68475,7.1491137999983039,44551.8711005,3,0,1
68475,7.1607887999998638,44551.882775500002,6,0,1
68475,7.1607887999998638,44551.882775500002,7,0,1
68475,7.1633019000000786,44551.885288600002,3,0,1
68475,7.1710270999974455,44551.8930138,3,0,1
68475,7.1769596000012825,44551.898946300003,3,0,1
68475,7.1832630999997491,44551.905249800002,6,0,1
68475,7.1832630999997491,44551.905249800002,7,0,1
68475,7.1832630999997491,44551.905249800002,3,0,2
68475,7.1943017000012333,44551.916288400003,3,0,1
68475,7.1978834999972605,44551.919870199999,3,0,2
68475,7.216333600001235,44551.938320300003,3,0,2
68475,7.2202847999942605,44551.942271499996,3,0,2
68475,7.2273182999997516,44551.949305000002,3,0,1
68475,7.2446205999949598,44551.966607299997,3,0,1
68475,7.250974499998847,44551.972961200001,3,0,1
68475,7.2622018999973079,44551.984188599999,3,0,1
68475,7.2721729999975651,44551.9941597,3,0,1
68475,7.2756865999981528,44551.9976733,6,0,1
68475,7.2756865999981528,44551.9976733,7,0,1
68475,7.2809343999979319,44552.0029211,3,0,1
68475,7.2857920999958878,44552.007778799998,3,0,1
68475,7.296435999996902,44552.018422699999,3,0,1
68475,7.2987780999974348,44552.0207648,3,0,2
68475,7.3002223000003141,44552.022209000002,3,0,2
68475,7.3103582999974606,44552.032345,3,0,2
68475,7.3140160999973887,44552.0360028,3,0,1
68475,7.3308581999954185,44552.052844899998,3,0,2
68475,7.3418867000000319,44552.063873400002,3,0,1
68475,7.3513891999973566,44552.0733759,3,0,1
68475,7.3640721999981906,44552.0860589,3,0,1
68475,7.3699298999999883,44552.091916600002,3,0,1
68475,7.3868137999961618,44552.108800499998,3,0,1
68475,7.3974970999988727,44552.119483800001,3,0,2
68475,7.4169131999951787,44552.138899899997,6,0,1
68475,7.4169131999951787,44552.138899899997,7,0,1
68475,7.4447706999999355,44552.166757400002,6,0,1
68475,7.4447706999999355,44552.166757400002,7,0,1
68475,7.4647260999990976,44552.186712800001,3,0,1
68475,7.4735456999987946,44552.195532400001,3,0,1
68475,7.4765740000002552,44552.198560700002,3,0,2
68475,7.4864543000003323,44552.208441000002,3,0,2
68475,7.4881808999998611,44552.210167600002,3,0,1
68475,7.5037484999993467,44552.225735200002,3,0,1
68475,7.5051179000001866,44552.227104600002,3,0,1
68475,7.506904999994731,44552.228891699997,3,0,1
68475,7.5261716999957571,44552.248158399998,6,0,1
68475,7.5261716999957571,44552.248158399998,7,0,1
68475,7.5433406000011018,44552.265327300003,3,0,1
68475,7.5463952999998583,44552.268382000002,3,0,1
68475,7.5606903999942006,44552.282677099996,3,0,1
68475,7.5673697999955039,44552.289356499998,3,0,1
68475,7.5708352000001469,44552.292821900002,3,0,1
68475,7.5725222999972175,44552.294508999999,6,0,1
68475,7.5725222999972175,44552.294508999999,7,0,1
68475,7.5960816000006162,44552.318068300003,3,0,2
68475,7.6023782999982359,44552.324365,3,0,2
68475,7.6171308999983012,44552.3391176,3,0,1
68475,7.6358202999981586,44552.357807,6,0,1
68475,7.6358202999981586,44552.357807,7,0,1
68475,7.6523822999952245,44552.374368999997,3,0,2
68475,7.6526726999945822,44552.374659399997,3,0,1
68475,7.6631003000002238,44552.385087000002,3,0,2
68475,7.677715799996804,44552.399702499999,3,0,2
68475,7.6798902000009548,44552.401876900003,3,0,2
68475,7.682833999999275,44552.404820700001,3,0,1
68475,7.6883705000000191,44552.410357200002,3,0,2
68475,7.6940200999961235,44552.416006799998,3,0,1
68475,7.7002078000004985,44552.422194500003,3,0,1
68475,7.7142872999975225,44552.436274,3,0,1
68475,7.7313781999982893,44552.4533649,3,0,1
68475,7.7407630999950925,44552.462749799997,3,0,2
68475,7.759067099999811,44552.481053800002,3,0,2
68475,7.7601357999956235,44552.482122499998,3,0,1
68475,7.7674814999991213,44552.489468200001,3,0,1
68475,7.7838075999970897,44552.505794299999,3,0,1
68475,7.7877722999983234,44552.509759,3,0,2
68475,7.7882791999945766,44552.510265899997,3,0,1
68475,7.8195399999967776,44552.541526699999,3,0,1
68475,7.8200469000003068,44552.542033600002,3,0,1
68475,7.820382799996878,44552.542369499999,3,0,1
68475,7.8316444999945816,44552.553631199997,3,0,2
68475,7.85210549999465,44552.574092199997,3,0,2
68475,7.8631956999961403,44552.585182399998,3,0,1
68475,7.8679039999988163,44552.589890700001,3,0,1
68475,7.8728147000001627,44552.594801400002,6,0,1
68475,7.8728147000001627,44552.594801400002,7,0,1
68475,7.8765770999962115,44552.598563799998,3,0,1
68475,7.8865958999958821,44552.608582599998,3,0,2
68475,7.894490799997584,44552.6164775,3,0,1
68475,7.927965499999118,44552.649952200001,3,0,1
68475,7.9335083999976632,44552.6554951,6,0,1
68475,7.9335083999976632,44552.6554951,7,0,1
68475,7.9397911999985809,44552.661777900001,3,0,1
68475,7.9609864999947604,44552.682973199997,3,0,2
68475,7.9786680999968667,44552.700654799999,3,0,1
68475,7.9874288999999408,44552.709415600002,3,0,1
68475,7.9926249999989523,44552.714611700001,3,0,1
68475,8.013470400001097,44552.735457100003,3,0,2
68475,8.0142754999978933,44552.7362622,3,0,2
68475,8.0193412999942666,44552.741327999996,3,0,1
68475,8.0412173000004259,44552.763204000003,3,0,2
68475,8.0498961999983294,44552.7718829,3,0,2
68475,8.0537392999976873,44552.775726,3,0,3
68475,8.0862973999974201,44552.8082841,3,0,2
68475,8.0946037999965483,44552.816590499999,6,0,1
68475,8.0946037999965483,44552.816590499999,7,0,1
68475,8.0971295999988797,44552.819116300001,3,0,2
68475,8.122218199998315,44552.8442049,3,0,1
68475,8.1269620999955805,44552.848948799998,3,0,1
68475,8.1294287999990047,44552.851415500001,3,0,2
68475,8.133869199999026,44552.855855900001,3,0,1
68475,8.1503393999955733,44552.872326099998,3,0,1
68475,8.151152300000831,44552.873139000003,3,0,1
68475,8.1547981999974581,44552.8767849,6,0,1
68475,8.1547981999974581,44552.8767849,7,0,1
68475,8.184468299994478,44552.906454999997,3,0,1
68475,8.1990643999961321,44552.921051099998,3,0,1
68475,8.2015308999980334,44552.9235176,3,0,1
68475,8.2035848999948939,44552.925571599997,6,0,1
68475,8.2035848999948939,44552.925571599997,7,0,1
68475,8.2212498000008054,44552.943236500003,3,0,2
68475,8.2314657999959309,44552.953452499998,3,0,1
68475,8.2384409000005689,44552.960427600003,3,0,2
68475,8.251599700000952,44552.973586400003,3,0,2
68475,8.2776231999960146,44552.999609899998,3,0,1
68475,8.2851711999974214,44553.0071579,3,0,1
68475,8.2908155999975861,44553.0128023,3,0,1
68475,8.3044139999983599,44553.026400700001,3,0,2
68475,8.3131276999993133,44553.035114400001,3,0,1
68475,8.3351172999973642,44553.057104,3,0,2
68475,8.3512755999981891,44553.0732623,3,0,1
68475,8.3564813999983016,44553.0784681,3,0,2
68475,8.3585056000010809,44553.080492300003,3,0,1
68475,8.3616217999951914,44553.083608499997,3,0,1
68475,8.377607700000226,44553.099594400002,6,0,1
68475,8.377607700000226,44553.099594400002,7,0,1
68475,8.3860204999946291,44553.108007199997,3,0,2
68475,8.3961112999968464,44553.118097999999,3,0,1
68475,8.3973236999954679,44553.119310399998,3,0,1
68475,8.4004451000000699,44553.122431800002,3,0,2
68475,8.4102091999957338,44553.132195899998,3,0,2
68475,8.4184247000011965,44553.140411400003,3,0,1
68475,8.4192583999974886,44553.1412451,3,0,1
68475,8.4236852999965777,44553.145671999999,3,0,1
68475,8.4286482999959844,44553.150634999998,6,0,1
68475,8.4286482999959844,44553.150634999998,7,0,1
68475,8.4388150000013411,44553.160801700004,3,0,2
68475,8.4685764999958337,44553.190563199998,3,0,1
68475,8.4820895999946515,44553.204076299997,3,0,1
68475,8.4854791999969166,44553.207465899999,3,0,1
68475,8.4919783000004827,44553.213965000003,3,0,2
68475,8.4963811999987229,44553.218367900001,3,0,1
68475,8.5106306999950903,44553.232617399997,3,0,2
68475,8.5189014999996289,44553.240888200002,6,0,1
68475,8.5189014999996289,44553.240888200002,7,0,1
68475,8.5189014999996289,44553.240888200002,3,0,1
68475,8.5612991999951191,44553.283285899997,3,0,1
68475,8.569375899998704,44553.291362600001,3,0,1
68475,8.5737252999970224,44553.295711999999,3,0,1
68475,8.586105199996382,44553.308091899999,3,0,1
68475,8.5916027999992366,44553.313589500001,3,0,1
68475,8.6332885999945574,44553.355275299997,3,0,2
68475,8.6333932999987155,44553.355380000001,3,0,1
68475,8.6573410999990301,44553.379327800001,3,0,2
68475,8.6598330999986501,44553.381819800001,6,0,1
68475,8.6598330999986501,44553.381819800001,7,0,1
68475,8.6598330999986501,44553.381819800001,3,0,1
68475,8.6647777999969549,44553.386764499999,3,0,1
68475,8.6717213000010815,44553.393708000003,3,0,1
68475,8.688061499997275,44553.410048199999,3,0,2
68475,8.7016205999971135,44553.423607299999,3,0,1
68475,8.725983799995447,44553.447970499998,6,0,1
68475,8.725983799995447,44553.447970499998,7,0,1
68475,8.7275430999943637,44553.449529799997,6,0,1
68475,8.7275430999943637,44553.449529799997,7,0,1
68475,8.736507999994501,44553.458494699997,3,0,1
68475,8.7444518999982392,44553.4664386,6,0,1
68475,8.7444518999982392,44553.4664386,7,0,1
68475,8.758077599995886,44553.480064299998,3,0,1
68475,8.7802842999954009,44553.502270999998,3,0,2
68475,8.7837370999986888,44553.505723800001,3,0,1
68475,8.7889398999977857,44553.5109266,3,0,1
68475,8.806302400000277,44553.528289100002,6,0,1
68475,8.806302400000277,44553.528289100002,7,0,1
68475,8.8113272999980836,44553.533314,3,0,2
68475,8.8285457999954815,44553.550532499998,3,0,1
68475,8.8285882999989553,44553.550575000001,3,0,1
68475,8.8545740999979898,44553.5765608,3,0,2
68475,8.8732056000008015,44553.595192300003,3,0,1
68475,8.8817214999944554,44553.603708199997,3,0,1
68475,8.8864552999948501,44553.608441999997,3,0,1
68475,8.8919452999980422,44553.613932,3,0,1
68475,8.9313297999979113,44553.6533165,3,0,2
68475,8.9354831999953603,44553.657469899998,3,0,2
68475,8.9355796999952872,44553.657566399997,3,0,1
68475,8.9409181999944849,44553.662904899997,3,0,1
68475,8.9461166999972193,44553.668103399999,3,0,2
68475,8.9569763999970746,44553.678963099999,3,0,1
68475,8.9760326999967219,44553.698019399999,3,0,1
68475,8.9826511999999639,44553.704637900002,3,0,1
68475,8.9967371999955503,44553.718723899998,3,0,1
68475,9.0182526999997208,44553.740239400002,3,0,2
68475,9.0413495999964653,44553.763336299999,3,0,1
68475,9.0416633999993792,44553.763650100002,3,0,2
68475,9.0448309999992489,44553.766817700001,3,0,1
68475,9.049343399994541,44553.771330099997,3,0,2
68475,9.0511939999996684,44553.773180700002,3,0,2
68475,9.0575790000002598,44553.779565700002,3,0,1
68475,9.076885399997991,44553.7988721,3,0,1
68475,9.0769626999972388,44553.798949399999,3,0,2
68475,9.0776117999994312,44553.799598500002,6,0,1
68475,9.0776117999994312,44553.799598500002,7,0,1
68475,9.0822159999952419,44553.804202699997,3,0,1
68475,9.0830740999954287,44553.805060799998,3,0,1
68475,9.0927254999987781,44553.814712200001,3,0,1
68475,9.0934108000001288,44553.815397500002,3,0,1
68475,9.1097060999964015,44553.831692799999,6,0,1
68475,9.1097060999964015,44553.831692799999,7,0,1
68475,9.1123501999973087,44553.834336899999,3,0,1
68475,9.1256872000012663,44553.847673900003,6,0,1
68475,9.1256872000012663,44553.847673900003,7,0,1
68475,9.1453536999979406,44553.8673404,3,0,2
68475,9.1501430999996956,44553.872129800002,3,0,1
68475,9.1738484999950742,44553.895835199997,3,0,1
68475,9.1855834999951185,44553.907570199997,3,0,2
68475,9.1893024999953923,44553.911289199998,3,0,1
68475,9.1919364999994286,44553.913923200002,3,0,1
68475,9.2042075999997905,44553.926194300002,3,0,1
68475,9.2083634999944479,44553.930350199997,3,0,2
68475,9.2109668999983114,44553.9329536,3,0,1
68475,9.2166021000011824,44553.938588800003,3,0,2
68475,9.2423759000012069,44553.964362600003,3,0,2
68475,9.2473304999948596,44553.969317199997,3,0,2
68475,9.2500604999950156,44553.972047199997,3,0,1
68475,9.2513117999988026,44553.973298500001,3,0,2
68475,9.2519394999981159,44553.9739262,3,0,1
68475,9.260833399996045,44553.982820099998,3,0,2
68475,9.2655139999988023,44553.987500700001,3,0,1
68475,9.2668823999993037,44553.988869100001,3,0,2
68475,9.2861921000003349,44554.008178800002,3,0,1
68475,9.2917917000013404,44554.013778400004,3,0,1
68475,9.3245228999949177,44554.046509599997,3,0,1
68475,9.3321338999958243,44554.054120599998,3,0,1
68475,9.3369214999984251,44554.058908200001,3,0,1
68475,9.3470643999971799,44554.069051099999,3,0,2
68475,9.3613885000013397,44554.083375200004,3,0,2
68475,9.3618722999963211,44554.083858999998,3,0,1
68475,9.3659669999979087,44554.0879537,3,0,1
68475,9.3692949999967823,44554.091281699999,3,0,2
68475,9.3767765999946278,44554.098763299997,3,0,2
68475,9.4163131999957841,44554.138299899998,3,0,1
68475,9.4218841999972938,44554.143870899999,3,0,2
68475,9.4385431999980938,44554.1605299,3,0,1
68475,9.4455664999986766,44554.167553200001,3,0,1
68475,9.4542746000006446,44554.176261300003,3,0,2
68475,9.4654343000001973,44554.187421000002,3,0,1
68475,9.4784331999981077,44554.2004199,3,0,1
68475,9.4915521000002627,44554.213538800002,6,0,1
68475,9.4915521000002627,44554.213538800002,7,0,1
68475,9.4915521000002627,44554.213538800002,3,0,1
68475,9.5052483999970718,44554.227235099999,3,0,1
68475,9.5261504000009154,44554.248137100003,6,0,1
68475,9.5261504000009154,44554.248137100003,7,0,1
68475,9.5297951999964425,44554.251781899999,3,0,2
68475,9.5301319999998668,44554.252118700002,3,0,1
68475,9.5359002999975928,44554.257887,3,0,2
68475,9.537210899994534,44554.259197599997,3,0,2
68475,9.5471898999967379,44554.269176599999,3,0,1
68475,9.547517599996354,44554.269504299999,3,0,2
68475,9.5534914999952889,44554.275478199997,3,0,1
68475,9.5543546999979299,44554.2763414,3,0,1
68475,9.5612449999971432,44554.283231699999,3,0,1
68475,9.579709699995874,44554.301696399998,6,0,1
68475,9.579709699995874,44554.301696399998,7,0,1
68475,9.579709699995874,44554.301696399998,3,0,1
68475,9.5866755999959423,44554.308662299998,3,0,1
68475,9.5938089999981457,44554.3157957,3,0,1
68475,9.5943840999971144,44554.316370799999,3,0,1
68475,9.5969769000002998,44554.318963600002,3,0,2
68475,9.5986715999970329,44554.320658299999,6,0,1
68475,9.5986715999970329,44554.320658299999,7,0,1
68475,9.6022220000013476,44554.324208700004,3,0,1
68475,9.6051641999947606,44554.327150899997,6,0,1
68475,9.6051641999947606,44554.327150899997,7,0,1
68475,9.6089719000010518,44554.330958600003,3,0,1
68475,9.6111347999976715,44554.3331215,3,0,1
68475,9.6170646999962628,44554.339051399998,3,0,1
68475,9.6181735999998637,44554.340160300002,6,0,1
68475,9.6181735999998637,44554.340160300002,7,0,1
68475,9.6289833999981056,44554.3509701,3,0,1
68475,9.6292198999944958,44554.351206599997,3,0,1
68475,9.6419491999986349,44554.363935900001,3,0,1
68475,9.6674615999945672,44554.389448299997,3,0,2
68475,9.697243199996592,44554.419229899999,3,0,1
68475,9.7067002999974648,44554.428687,3,0,2
68475,9.7338826999985031,44554.455869400001,3,0,1
68475,9.7443359999961103,44554.466322699998,3,0,1
68475,9.7761833999975352,44554.4981701,3,0,1
68475,9.7790215999993961,44554.501008300002,3,0,2
68475,9.8022845999948913,44554.524271299997,3,0,2
68475,9.8283494999996037,44554.550336200002,6,0,1
68475,9.8283494999996037,44554.550336200002,7,0,1
68475,9.8309520999973756,44554.5529388,3,0,2
68475,9.834021999995457,44554.556008699998,3,0,2
68475,9.846595700000762,44554.568582400003,3,0,1
68475,9.8488830999995116,44554.570869800002,6,0,1
68475,9.8488830999995116,44554.570869800002,7,0,1
68475,9.8596476999955485,44554.581634399998,3,0,1
68475,9.8625834999984363,44554.584570200001,3,0,2
68475,9.8684850999998162,44554.590471800002,3,0,2
68475,9.8706337999974494,44554.5926205,3,0,1
68475,9.8901595999996061,44554.612146300002,3,0,1
68475,9.9109017999944626,44554.632888499997,6,0,1
68475,9.9109017999944626,44554.632888499997,7,0,1
68475,9.9227062999998452,44554.644693000002,3,0,1
68475,9.933748999996169,44554.655735699998,3,0,1
68475,9.9631301999979769,44554.6851169,3,0,1
68475,9.9682108999986667,44554.690197600001,3,0,1
68475,9.9714531999998144,44554.693439900002,3,0,1
68475,9.9990308999986155,44554.721017600001,3,0,2
68475,10.003436999999394,44554.725423700002,3,0,2
68475,10.009032499998284,44554.7310192,3,0,1
68475,10.036966599996958,44554.758953299999,3,0,2
68475,10.044277399996645,44554.766264099999,3,0,1
68475,10.0600420999981,44554.7820288,6,0,1
68475,10.0600420999981,44554.7820288,7,0,1
68475,10.063124000000244,44554.785110700002,6,0,1
68475,10.063124000000244,44554.785110700002,7,0,1
68475,10.072052299998177,44554.794039,3,0,1
68475,10.080879199995252,44554.802865899997,3,0,2
68475,10.098538300000655,44554.820525000003,3,0,1
68475,10.098733099999663,44554.820719800002,3,0,1
68475,10.099825500001316,44554.821812200003,3,0,1
68475,10.100964099998237,44554.8229508,3,0,1
68475,10.128363099996932,44554.850349799999,3,0,2
68475,10.13591710000037,44554.857903800003,3,0,1
68475,10.148202999997011,44554.870189699999,3,0,2
68475,10.150158399999782,44554.872145100002,3,0,2
68475,10.158144699998957,44554.880131400001,3,0,2
68475,10.159930699999677,44554.881917400002,3,0,1
68475,10.170327100000577,44554.892313800003,3,0,1
68475,10.171391099996981,44554.893377799999,3,0,2
68475,10.172591599999578,44554.894578300002,3,0,1
68475,10.172635599999921,44554.894622300002,3,0,2
68475,10.19248399999924,44554.914470700001,3,0,1
68475,10.19809809999424,44554.920084799996,3,0,1
68475,10.203399599995464,44554.925386299998,3,0,1
68475,10.209784399994533,44554.931771099997,3,0,1
68475,10.215011199994478,44554.936997899997,3,0,2
68475,10.222721099999035,44554.944707800001,3,0,1
68475,10.227149300000747,44554.949136000003,3,0,1
68475,10.258257499997853,44554.9802442,6,0,1
68475,10.258257499997853,44554.9802442,7,0,1
68475,10.258257499997853,44554.9802442,3,0,1
68475,10.265776699998241,44554.9877634,3,0,2
68475,10.272929200000362,44554.994915900003,3,0,1
68475,10.283831199994893,44555.005817899997,3,0,1
68475,10.289522200000647,44555.011508900003,6,0,1
68475,10.289522200000647,44555.011508900003,7,0,1
68475,10.289833999995608,44555.011820699998,6,0,1
68475,10.289833999995608,44555.011820699998,7,0,1
68475,10.299649599997792,44555.0216363,6,0,1
68475,10.299649599997792,44555.0216363,7,0,1
68475,10.332376499995007,44555.054363199997,3,0,1
68475,10.348719499997969,44555.0707062,3,0,2
68475,10.353911300000618,44555.075898000003,3,0,2
68475,10.360338899998169,44555.0823256,3,0,1
68475,10.364369499999157,44555.086356200001,3,0,1
68475,10.367593299997679,44555.08958,6,0,1
68475,10.367593299997679,44555.08958,7,0,1
68475,10.371956399998453,44555.093943100001,3,0,1
68475,10.379293999998481,44555.101280700001,3,0,1
68475,10.38570030000119,44555.107687000003,3,0,2
68475,10.391383800000767,44555.113370500003,3,0,2
68475,10.395800499994948,44555.117787199997,3,0,2
68475,10.396833799997694,44555.1188205,3,0,1
68475,10.398909399998956,44555.120896100001,3,0,1
68475,10.399610000000393,44555.121596700003,3,0,1
68475,10.405671399996208,44555.127658099998,3,0,1
68475,10.408452600000601,44555.130439300003,3,0,2
68475,10.40974489999644,44555.131731599999,3,0,1
68475,10.417585799994413,44555.139572499997,3,0,1
68475,10.417654199998651,44555.139640900001,3,0,1
68475,10.421737199998461,44555.143723900001,3,0,2
68475,10.455292099999497,44555.177278800002,3,0,1
68475,10.456493799996679,44555.178480499999,3,0,2
68475,10.458541799998784,44555.180528500001,3,0,1
68475,10.468153900001198,44555.190140600003,3,0,1
68475,10.490875099996629,44555.212861799999,6,0,1
68475,10.490875099996629,44555.212861799999,7,0,1
68475,10.497611399994639,44555.219598099997,3,0,2
68475,10.503439000000071,44555.225425700002,3,0,1
68475,10.508629899995867,44555.230616599998,3,0,1
68475,10.529047600000922,44555.251034300003,3,0,2
68475,10.560949300001084,44555.282936000003,3,0,1
68475,10.602281200001016,44555.324267900003,6,0,1
68475,10.602281200001016,44555.324267900003,7,0,1
68475,10.602694399996835,44555.324681099999,3,0,2
68475,10.616170399996918,44555.338157099999,3,0,2
68475,10.62569899999653,44555.347685699999,3,0,1
68475,10.645294599999033,44555.367281300001,3,0,1
68475,10.651468500000192,44555.373455200002,3,0,2
68475,10.651676699999371,44555.373663400002,3,0,1
68475,10.65555659999518,44555.377543299997,3,0,1
68475,10.667780099996889,44555.389766799999,3,0,1
68475,10.673533099994529,44555.395519799997,6,0,1
68475,10.673533099994529,44555.395519799997,7,0,1
68475,10.676053199997114,44555.398039899999,6,0,1
68475,10.676053199997114,44555.398039899999,7,0,1
68475,10.676053199997114,44555.398039899999,3,0,1
68475,10.694000799994683,44555.415987499997,3,0,2
68475,10.69573059999675,44555.417717299999,3,0,2
68475,10.704201599997759,44555.4261883,3,0,1
68475,10.710164899996016,44555.432151599998,3,0,1
68475,10.712231599994993,44555.434218299997,3,0,1
68475,10.72289119999914,44555.444877900001,3,0,2
68475,10.725857199999155,44555.447843900001,3,0,1
68475,10.733988199994201,44555.455974899996,3,0,1
68475,10.735240900001372,44555.457227600004,3,0,2
68475,10.738892699999269,44555.460879400001,6,0,1
68475,10.738892699999269,44555.460879400001,7,0,1
68475,10.745583399999305,44555.467570100001,6,0,1
68475,10.745583399999305,44555.467570100001,7,0,1
68475,10.750942799997574,44555.4729295,6,0,1
68475,10.750942799997574,44555.4729295,7,0,1
68475,10.762491099994804,44555.484477799997,6,0,1
68475,10.762491099994804,44555.484477799997,7,0,1
68475,10.768629499994859,44555.490616199997,3,0,1
68475,10.7742075999995,44555.496194300002,3,0,1
68475,10.787857199997234,44555.509843899999,6,0,1
68475,10.787857199997234,44555.509843899999,7,0,1
68475,10.790165599995817,44555.512152299998,6,0,1
68475,10.790165599995817,44555.512152299998,7,0,1
68475,10.816161800001282,44555.538148500003,3,0,2
68475,10.838725900001009,44555.560712600003,3,0,1
68475,10.855489999994461,44555.577476699997,3,0,1
68475,10.86762109999836,44555.589607800001,3,0,1
68475,10.91195709999738,44555.6339438,3,0,1
68475,10.921854799998982,44555.643841500001,3,0,2
68475,10.945448399994348,44555.667435099997,3,0,2
68475,10.952316599999904,44555.674303300002,3,0,1
68475,10.973270599999523,44555.695257300002,3,0,2
68475,10.9750744999983,44555.6970612,3,0,2
68475,10.983734099994763,44555.705720799997,3,0,2
68475,10.999952799997118,44555.721939499999,3,0,2
68475,11.013333700000658,44555.735320400003,3,0,1
68475,11.041420000001381,44555.763406700004,3,0,2
68475,11.060562099999515,44555.782548800002,6,0,1
68475,11.060562099999515,44555.782548800002,7,0,1
68475,11.060562099999515,44555.782548800002,3,0,1
68475,11.065790499997092,44555.787777199999,3,0,1
68475,11.070687599996745,44555.792674299999,6,0,1
68475,11.070687599996745,44555.792674299999,7,0,1
68475,11.078137399999832,44555.800124100002,3,0,2
68475,11.090136099999654,44555.812122800002,3,0,1
68475,11.091479499998968,44555.813466200001,3,0,1
68475,11.092300099997374,44555.8142868,6,0,1
68475,11.092300099997374,44555.8142868,7,0,1
68475,11.092892599997867,44555.8148793,3,0,1
68475,11.094065699995554,44555.816052399998,3,0,1
68475,11.094145399998524,44555.816132100001,3,0,2
68475,11.094931599996926,44555.816918299999,3,0,1
68475,11.0951683999956,44555.817155099998,3,0,2
68475,11.127539299995988,44555.849525999998,3,0,1
68475,11.131293799997366,44555.8532805,3,0,2
68475,11.134215699996275,44555.856202399998,3,0,1
68475,11.143172099997173,44555.865158799999,3,0,1
68475,11.147874399997818,44555.8698611,3,0,2
68475,11.151335499998822,44555.873322200001,3,0,1
68475,11.152911999997741,44555.8748987,3,0,1
68475,11.152977699995972,44555.874964399998,3,0,1
68475,11.160329899998032,44555.8823166,6,0,1
68475,11.160329899998032,44555.8823166,7,0,1
68475,11.167471699998714,44555.889458400001,3,0,1
68475,11.169711999995343,44555.891698699998,3,0,2
68475,11.170615499999258,44555.892602200001,3,0,1
68475,11.172346899998956,44555.894333600001,3,0,1
68475,11.187766999995802,44555.909753699998,3,0,2
68475,11.196506100000988,44555.918492800003,3,0,1
68475,11.196512199996505,44555.918498899999,3,0,2
68475,11.227683299999626,44555.949670000002,3,0,1
68475,11.269260099994426,44555.991246799997,3,0,2
68475,11.272359700000379,44555.994346400003,3,0,1
68475,11.288981599995168,44556.010968299997,3,0,2
68475,11.297176100000797,44556.019162800003,3,0,2
68475,11.297699899994768,44556.019686599997,3,0,2
68475,11.302518699994835,44556.024505399997,3,0,1
68475,11.304906199999095,44556.026892900001,3,0,1
68475,11.31109209999704,44556.033078799999,3,0,2
68475,11.312393499996688,44556.034380199999,3,0,1
68475,11.318741999995837,44556.040728699998,3,0,2
68475,11.324884000001475,44556.046870700004,3,0,2
68475,11.343822499999078,44556.065809200001,3,0,1
68475,11.346433699996851,44556.068420399999,3,0,2
68475,11.361268599997857,44556.0832553,3,0,1
68475,11.368836599998758,44556.090823300001,6,0,1
68475,11.368836599998758,44556.090823300001,7,0,1
68475,11.388610999994853,44556.110597699997,3,0,2
68475,11.400980200000049,44556.122966900002,3,0,2
68475,11.406325899995863,44556.128312599998,3,0,1
68475,11.413262299996859,44556.135248999999,3,0,1
68475,11.41417779999756,44556.1361645,3,0,1
68475,11.415990800000145,44556.137977500002,3,0,2
68475,11.430500599999505,44556.152487300002,3,0,2
68475,11.43135489999986,44556.153341600002,3,0,1
68475,11.449512499995762,44556.171499199998,3,0,1
68475,11.455535399996734,44556.177522099999,3,0,1
68475,11.461014900000009,44556.183001600002,6,0,1
68475,11.461014900000009,44556.183001600002,7,0,1
68475,11.478155099997821,44556.2001418,3,0,2
68475,11.4828217999966,44556.204808499999,3,0,2
68475,11.496297300000151,44556.218284000002,3,0,1
68475,11.4995437999969,44556.221530499999,3,0,2
68475,11.501457300000766,44556.223444000003,3,0,1
68475,11.530776899999182,44556.252763600001,3,0,1
68475,11.535539299999073,44556.257526000001,3,0,1
68475,11.541745099995751,44556.263731799998,3,0,2
68475,11.548920499997621,44556.2709072,3,0,1
68475,11.5522262999948,44556.274212999997,3,0,1
68475,11.55592539999634,44556.277912099999,3,0,1
68475,11.565344399998139,44556.2873311,3,0,1
68475,11.572777000001224,44556.294763700003,3,0,2
68475,11.574065000000701,44556.296051700003,3,0,1
68475,11.578267500000948,44556.300254200003,3,0,1
68475,11.578280199995788,44556.300266899998,6,0,1
68475,11.578280199995788,44556.300266899998,7,0,1
68475,11.602309099995182,44556.324295799997,3,0,2
68475,11.603929299999436,44556.325916000002,3,0,1
68475,11.606592299998738,44556.328579000001,6,0,1
68475,11.606592299998738,44556.328579000001,7,0,1
68475,11.606592299998738,44556.328579000001,3,0,1
68475,11.629096999997273,44556.351083699999,3,0,2
68475,11.630485599998792,44556.352472300001,6,0,1
68475,11.630485599998792,44556.352472300001,7,0,1
68475,11.646903799999563,44556.368890500002,3,0,2
68475,11.658015000000887,44556.380001700003,6,0,1
68475,11.658015000000887,44556.380001700003,7,0,1
68475,11.664823099999921,44556.386809800002,3,0,2
68475,11.674573699994653,44556.396560399997,3,0,2
68475,11.677553599998646,44556.399540300001,3,0,2
68475,11.678947000000335,44556.400933700002,3,0,1
68475,11.686374199998681,44556.408360900001,3,0,1
68475,11.687702899995202,44556.409689599997,3,0,1
68475,11.688540999995894,44556.410527699998,3,0,2
68475,11.693214200000511,44556.415200900003,3,0,1
68475,11.700693300001149,44556.422680000003,3,0,1
68475,11.705504999998084,44556.4274917,3,0,2
68475,11.743998599995393,44556.465985299998,3,0,2
68475,11.748918699995556,44556.470905399998,3,0,1
68475,11.750644299994747,44556.472630999997,3,0,1
68475,11.756801700001233,44556.478788400003,3,0,2
68475,11.779805799997121,44556.501792499999,3,0,2
68475,11.784116800001357,44556.506103500004,3,0,1
68475,11.790459299998474,44556.512446000001,3,0,2
68475,11.801399299998593,44556.523386000001,3,0,1
68475,11.81843310000113,44556.540419800003,3,0,1
68475,11.851480299999821,44556.573467000002,3,0,2
68475,11.859725399997842,44556.5817121,3,0,1
68475,11.896742799995991,44556.618729499998,3,0,1
68475,11.906171999995422,44556.628158699998,6,0,1
68475,11.906171999995422,44556.628158699998,7,0,1
68475,11.916121899994323,44556.638108599996,3,0,1
68475,11.91704000000027,44556.639026700002,3,0,1
68475,11.920603300000948,44556.642590000003,3,0,1
68475,11.924636700001429,44556.646623400004,6,0,1
68475,11.924636700001429,44556.646623400004,7,0,1
68475,11.939811299998837,44556.661798000001,3,0,1
68475,11.955768499996339,44556.677755199999,3,0,1
68475,11.989107099994726,44556.711093799997,3,0,2
68475,11.992932099994505,44556.714918799997,3,0,1
68475,12.036762999996427,44556.758749699999,3,0,1
68475,12.071811800000432,44556.793798500003,3,0,2
68475,12.07694679999986,44556.798933500002,6,0,1
68475,12.07694679999986,44556.798933500002,7,0,1
68475,12.098267399996985,44556.820254099999,3,0,1
68475,12.113585699997202,44556.835572399999,3,0,2
68475,12.114580199995544,44556.836566899998,3,0,1
68475,12.133802999996988,44556.855789699999,3,0,1
68475,12.183364699994854,44556.905351399997,3,0,1
68475,12.191932499998074,44556.9139192,3,0,2
68475,12.195005800000217,44556.916992500002,3,0,2
68475,12.202667400000792,44556.924654100003,3,0,1
68475,12.219774699995469,44556.941761399998,3,0,2
68475,12.232363499999337,44556.954350200001,6,0,1
68475,12.232363499999337,44556.954350200001,7,0,1
68475,12.244421600000351,44556.966408300003,3,0,1
68475,12.252087399996526,44556.974074099999,3,0,1
68475,12.253985600000306,44556.975972300002,3,0,2
68475,12.278118499998527,44557.000105200001,3,0,1
68475,12.279453199997079,44557.001439899999,3,0,1
68475,12.280536599995685,44557.002523299998,3,0,2
68475,12.280855400000291,44557.002842100002,3,0,2
68475,12.285851299995556,44557.007837999998,3,0,2
68475,12.290669299996807,44557.012655999999,3,0,1
68475,12.292316799997934,44557.0143035,3,0,1
68475,12.329738399996131,44557.051725099998,3,0,1
68475,12.330576199994539,44557.052562899997,3,0,1
68475,12.34308659999806,44557.0650733,3,0,1
68475,12.358735099995101,44557.080721799997,3,0,2
68475,12.372269599996798,44557.094256299999,3,0,2
68475,12.411424699996132,44557.133411399998,3,0,2
68475,12.415948299996671,44557.137934999999,3,0,1
68475,12.423386700000265,44557.145373400002,3,0,1
68475,12.425768399996741,44557.147755099999,3,0,1
68475,12.433886699996947,44557.155873399999,3,0,2
68475,12.435703399998602,44557.157690100001,3,0,2
68475,12.440404499997385,44557.1623912,3,0,1
68475,12.444745900000271,44557.166732600002,3,0,2
68475,12.458108499995433,44557.180095199998,3,0,1
68475,12.458280599996215,44557.180267299998,3,0,2
68475,12.458360299999185,44557.180347000001,3,0,2
68475,12.485646699999052,44557.207633400001,3,0,2
68475,12.485685999999987,44557.207672700002,3,0,2
68475,12.502439099996991,44557.224425799999,3,0,1
68475,12.538613899996562,44557.260600599999,3,0,2
68475,12.566237499995623,44557.288224199998,3,0,1
68475,12.567842899996322,44557.289829599998,3,0,2
68475,12.570542800000112,44557.292529500002,3,0,1
68475,12.571674599996186,44557.293661299998,3,0,2
68475,12.577969599995413,44557.299956299998,3,0,1
68475,12.584426699999312,44557.306413400001,6,0,1
68475,12.584426699999312,44557.306413400001,7,0,1
68475,12.584916499996325,44557.306903199998,3,0,2
68475,12.591206999997667,44557.3131937,3,0,1
68475,12.597306199997547,44557.3192929,3,0,2
68475,12.598597199998039,44557.3205839,6,0,1
68475,12.598597199998039,44557.3205839,7,0,1
68475,12.601648299998487,44557.323635000001,3,0,2
68475,12.632635900001333,44557.354622600003,3,0,2
68475,12.636459399996966,44557.358446099999,3,0,1
68475,12.648200499999803,44557.370187200002,3,0,2
68475,12.65582379999978,44557.377810500002,3,0,1
68475,12.666602299999795,44557.388589000002,3,0,1
68475,12.672921899997164,44557.394908599999,6,0,1
68475,12.672921899997164,44557.394908599999,7,0,1
68475,12.693957099996624,44557.415943799999,3,0,2
68475,12.704307399995741,44557.426294099998,3,0,1
68475,12.704404099997191,44557.426390799999,6,0,1
68475,12.704404099997191,44557.426390799999,7,0,1
68475,12.726441200000409,44557.448427900003,3,0,2
68475,12.727246999995259,44557.449233699997,3,0,1
68475,12.730630400001246,44557.452617100003,3,0,2
68475,12.74626939999871,44557.468256100001,3,0,1
68475,12.758412499999395,44557.480399200002,3,0,1
68475,12.758940899999288,44557.480927600001,3,0,1
68475,12.797330099994724,44557.519316799997,3,0,2
68475,12.801499799999874,44557.523486500002,3,0,2
68475,12.808934499997122,44557.530921199999,3,0,2
68475,12.815755700001318,44557.537742400003,3,0,2
68475,12.823104199997033,44557.545090899999,3,0,1
68475,12.882891299996118,44557.604877999998,3,0,1
68475,12.884021400001075,44557.606008100003,3,0,1
68475,12.907212999998592,44557.629199700001,3,0,1
68475,12.909640699996089,44557.631627399998,3,0,2
68475,12.918449799995869,44557.640436499998,3,0,1
68475,12.925713600001473,44557.647700300004,6,0,1
68475,12.925713600001473,44557.647700300004,7,0,1
68475,12.932231699996919,44557.654218399999,3,0,1
68475,12.960336600001028,44557.682323300003,3,0,1
68475,12.981687599996803,44557.703674299999,3,0,2
68475,12.999554999994871,44557.721541699997,3,0,1
68475,13.009370200001285,44557.731356900003,3,0,2
68475,13.021590999996988,44557.743577699999,3,0,2
68475,13.022356499997841,44557.7443432,3,0,2
68475,13.049490599994897,44557.771477299997,3,0,1
68475,13.066157099994598,44557.788143799997,6,0,1
68475,13.066157099994598,44557.788143799997,7,0,1
68475,13.066501099994639,44557.788487799997,3,0,1
68475,13.071501599995827,44557.793488299998,3,0,2
68475,13.112202299998899,44557.834189000001,3,0,1
68475,13.128981099995144,44557.850967799997,6,0,1
68475,13.128981099995144,44557.850967799997,7,0,1
68475,13.159939299999678,44557.881926000002,3,0,1
68475,13.168786700000055,44557.890773400002,3,0,1
68475,13.17764729999908,44557.899634000001,3,0,1
68475,13.185898199997609,44557.9078849,3,0,2
68475,13.246051900001476,44557.968038600004,3,0,1
68475,13.247547599996324,44557.969534299998,3,0,1
68475,13.254491399995459,44557.976478099998,3,0,2
68475,13.254524899995886,44557.976511599998,3,0,1
68475,13.265293199998268,44557.9872799,3,0,2
68475,13.314303099999961,44558.036289800002,3,0,1
68475,13.325917499998468,44558.047904200001,3,0,1
68475,13.331540999999561,44558.053527700002,3,0,1
68475,13.331877799995709,44558.053864499998,3,0,1
68475,13.332798899995396,44558.054785599998,3,0,1
68475,13.337528999996721,44558.059515699999,3,0,1
68475,13.356895599994459,44558.078882299997,6,0,1
68475,13.356895599994459,44558.078882299997,7,0,1
68475,13.369372499997553,44558.0913592,3,0,2
68475,13.371368299995083,44558.093354999997,6,0,1
68475,13.371368299995083,44558.093354999997,7,0,1
68475,13.376934399995662,44558.098921099998,6,0,1
68475,13.376934399995662,44558.098921099998,7,0,1
68475,13.4023801000003,44558.124366800002,3,0,1
68475,13.407809899996209,44558.129796599998,3,0,2
68475,13.407998099995893,44558.129984799998,3,0,1
68475,13.417899399995804,44558.139886099998,3,0,2
68475,13.425616199994693,44558.147602899997,3,0,1
68475,13.430501899994852,44558.152488599997,3,0,1
68475,13.445027900001151,44558.167014600003,3,0,1
68475,13.449464799996349,44558.171451499999,3,0,2
68475,13.464301199994225,44558.186287899996,3,0,2
68475,13.469210399998701,44558.191197100001,3,0,1
68475,13.472451399997226,44558.194438099999,3,0,1
68475,13.518499300000258,44558.240486000002,3,0,2
68475,13.519339899998158,44558.2413266,3,0,1
68475,13.539087400000426,44558.261074100003,3,0,2
68475,13.540950999995403,44558.262937699998,3,0,1
68475,13.54933109999547,44558.271317799998,3,0,2
68475,13.56957390000025,44558.291560600002,3,0,1
68475,13.578196499998739,44558.300183200001,3,0,1
68475,13.579031299996132,44558.301017999998,3,0,2
68475,13.590776099998038,44558.3127628,3,0,1
68475,13.612134399998467,44558.334121100001,3,0,1
68475,13.612186599995766,44558.334173299998,6,0,1
68475,13.612186599995766,44558.334173299998,7,0,1
68475,13.621896799995739,44558.343883499998,3,0,2
68475,13.634181099994748,44558.356167799997,3,0,1
68475,13.637796199996956,44558.359782899999,3,0,1
68475,13.650549400001182,44558.372536100003,3,0,1
68475,13.667655500001274,44558.389642200003,3,0,1
68475,13.672668899998826,44558.394655600001,3,0,2
68475,13.679180599996471,44558.401167299999,3,0,1
68475,13.695838399995409,44558.417825099998,3,0,2
68475,13.705724999999802,44558.427711700002,6,0,1
68475,13.705724999999802,44558.427711700002,7,0,1
68475,13.716572599994834,44558.438559299997,3,0,1
68475,13.723673199994664,44558.445659899997,3,0,1
68475,13.726932699995814,44558.448919399998,3,0,1
68475,13.727200999994238,44558.449187699996,3,0,1
68475,13.731343599996762,44558.453330299999,3,0,1
68475,13.752737899994827,44558.474724599997,3,0,2
68475,13.755126799995196,44558.477113499997,3,0,2
68475,13.761042300000554,44558.483029000003,3,0,1
68475,13.788737700000638,44558.510724400003,6,0,1
68475,13.788737700000638,44558.510724400003,7,0,1
68475,13.788737700000638,44558.510724400003,3,0,1
68475,13.798101899999892,44558.520088600002,3,0,1
68475,13.816534099998535,44558.538520800001,3,0,1
68475,13.818954099995608,44558.540940799998,3,0,1
68475,13.828104499996698,44558.550091199999,3,0,2
68475,13.833258799997566,44558.5552455,3,0,1
68475,13.833660899996175,44558.555647599998,3,0,1
68475,13.84420659999887,44558.566193300001,3,0,1
68475,13.844748299998173,44558.566735,3,0,1
68475,13.864403100000345,44558.586389800003,3,0,1
68475,13.869245800000499,44558.591232500003,6,0,1
68475,13.869245800000499,44558.591232500003,7,0,1
68475,13.871004000000539,44558.592990700003,3,0,2
68475,13.87100929999724,44558.592995999999,3,0,1
68475,13.885874200001126,44558.607860900003,3,0,1
68475,13.886299799996777,44558.608286499999,3,0,1
68475,13.900666599998658,44558.622653300001,3,0,1
68475,13.902585499999986,44558.624572200002,3,0,1
68475,13.906560499999614,44558.628547200002,3,0,1
68475,13.916824799998722,44558.638811500001,3,0,2
68475,13.927061199996388,44558.649047899999,3,0,1
68475,13.934995199997502,44558.6569819,6,0,1
68475,13.934995199997502,44558.6569819,7,0,1
68475,13.934995199997502,44558.6569819,3,0,2
68475,13.953732599999057,44558.675719300001,3,0,1
68475,13.95480569999927,44558.676792400001,3,0,2
68475,13.960894099996949,44558.682880799999,3,0,2
68475,13.962763799994718,44558.684750499997,3,0,1
68475,13.987391800001205,44558.709378500003,3,0,2
68475,14.009591599999112,44558.731578300001,6,0,1
68475,14.009591599999112,44558.731578300001,7,0,1
68475,14.016749999995227,44558.738736699997,3,0,1
68475,14.02448000000004,44558.746466700002,3,0,1
68475,14.028600699995877,44558.750587399998,3,0,1
68475,14.028621299999941,44558.750608000002,3,0,2
68475,14.037790899994434,44558.759777599997,6,0,1
68475,14.037790899994434,44558.759777599997,7,0,1
68475,14.039246000000276,44558.761232700002,3,0,2
68475,14.047619799996028,44558.769606499998,3,0,2
68475,14.049029699999664,44558.771016400002,3,0,1
68475,14.049894999996468,44558.771881699999,3,0,2
68475,14.055619799997658,44558.7776065,3,0,1
68475,14.076659099999233,44558.798645800001,3,0,1
68475,14.080780699994648,44558.802767399997,6,0,1
68475,14.080780699994648,44558.802767399997,7,0,1
68475,14.090577199996915,44558.812563899999,3,0,1
68475,14.096956999994291,44558.818943699996,6,0,1
68475,14.096956999994291,44558.818943699996,7,0,1
68475,14.097331199998735,44558.819317900001,3,0,2
68475,14.13159319999977,44558.853579900002,3,0,2
68475,14.156904600000416,44558.878891300003,6,0,1
68475,14.156904600000416,44558.878891300003,7,0,1
68475,14.158849599996756,44558.880836299999,3,0,2
68475,14.162484000000404,44558.884470700003,3,0,1
68475,14.182587999996031,44558.904574699998,3,0,1
68475,14.191979600000195,44558.913966300002,3,0,2
68475,14.196285400001216,44558.918272100003,3,0,2
68475,14.230952899997646,44558.9529396,3,0,1
68475,14.253232499999285,44558.975219200001,3,0,1
68475,14.259213099998306,44558.9811998,3,0,1
68475,14.272281699995801,44558.994268399998,3,0,2
68475,14.312051699998847,44559.034038400001,3,0,1
68475,14.33095830000093,44559.052945000003,3,0,2
68475,14.340482100000372,44559.062468800003,3,0,1
68475,14.358508999997866,44559.0804957,3,0,1
68475,14.369546699999773,44559.091533400002,3,0,2
68475,14.384768600000825,44559.106755300003,3,0,1
68475,14.399423599999864,44559.121410300002,3,0,2
68475,14.401403699994262,44559.123390399996,3,0,2
68475,14.427487000000838,44559.149473700003,3,0,1
68475,14.439036099996883,44559.161022799999,3,0,1
68475,14.439819399995031,44559.161806099997,3,0,1
68475,14.446369400000549,44559.168356100003,3,0,1
68475,14.46713749999617,44559.189124199998,3,0,2
68475,14.477212099998724,44559.199198800001,3,0,2
68475,14.499815199997101,44559.221801899999,3,0,1
68475,14.506437299998652,44559.228424000001,3,0,2
68475,14.511218999999983,44559.233205700002,3,0,1
68475,14.516355699997803,44559.2383424,3,0,2
68475,14.529922699999588,44559.251909400002,3,0,2
68475,14.545707299999776,44559.267694000002,3,0,2
68475,14.563663000000815,44559.285649700003,3,0,2
68475,14.574647699999332,44559.296634400001,3,0,2
68475,14.581912499997998,44559.3038992,3,0,2
68475,14.582497799994599,44559.304484499997,3,0,2
68475,14.586177599994699,44559.308164299997,3,0,1
68475,14.5866457000011,44559.308632400003,3,0,1
68475,14.588311599996814,44559.310298299999,3,0,2
68475,14.607900099996186,44559.329886799998,3,0,1
68475,14.616207899998699,44559.338194600001,3,0,2
68475,14.62409349999507,44559.346080199997,6,0,1
68475,14.62409349999507,44559.346080199997,7,0,1
68475,14.646703099999286,44559.368689800001,3,0,2
68475,14.652796199996374,44559.374782899999,3,0,2
68475,14.685021599994798,44559.407008299997,3,0,1
68475,14.691735899999912,44559.413722600002,3,0,1
68475,14.700436300001456,44559.422423000004,3,0,2
68475,14.709952400000475,44559.431939100003,3,0,1
68475,14.728514700000233,44559.450501400002,3,0,1
68475,14.730203399994934,44559.452190099997,3,0,1
68475,14.731735000001208,44559.453721700003,3,0,1
68475,14.733244700000796,44559.455231400003,3,0,1
68475,14.745992500000284,44559.467979200002,3,0,1
68475,14.746716900001047,44559.468703600003,3,0,1
68475,14.750622200001089,44559.472608900003,3,0,1
68475,14.755008399995859,44559.476995099998,6,0,1
68475,14.755008399995859,44559.476995099998,7,0,1
68475,14.776745899995149,44559.498732599997,3,0,1
68475,14.777203400000872,44559.499190100003,3,0,1
68475,14.781354200000351,44559.503340900003,3,0,1
68475,14.795945199999551,44559.517931900002,3,0,1
68475,14.815364299996872,44559.537350999999,3,0,1
68475,14.815703499996744,44559.537690199999,3,0,1
68475,14.815882399998372,44559.537869100001,6,0,1
68475,14.815882399998372,44559.537869100001,7,0,1
68475,14.831418199995824,44559.553404899998,3,0,1
68475,14.83395439999731,44559.555941099999,3,0,1
68475,14.84576019999804,44559.5677469,3,0,1
68475,14.849896299994725,44559.571882999997,3,0,1
68475,14.861893099994631,44559.583879799997,3,0,2
68475,14.862483199998678,44559.584469900001,3,0,1
68475,14.886040699995647,44559.608027399998,3,0,1
68475,14.891314699998475,44559.613301400001,3,0,1
68475,14.907070000001113,44559.629056700003,3,0,1
68475,14.931923799995275,44559.653910499997,3,0,1
68475,14.944875799999863,44559.666862500002,3,0,2
68475,14.959774700000708,44559.681761400003,3,0,2
68475,14.975935299997218,44559.697921999999,3,0,2
68475,14.980983800000104,44559.702970500002,6,0,1
68475,14.980983800000104,44559.702970500002,7,0,1
68475,14.994685699995898,44559.716672399998,3,0,1
68475,14.996251600001415,44559.718238300004,3,0,2
68475,14.996384400001261,44559.718371100003,6,0,1
68475,14.996384400001261,44559.718371100003,7,0,1
68475,15.021810599995661,44559.743797299998,3,0,1
68475,15.057789300000877,44559.779776000003,3,0,1
68475,15.072478499998397,44559.794465200001,3,0,2
68475,15.091104899998754,44559.813091600001,3,0,1
68475,15.125917299999855,44559.847904000002,3,0,1
68475,15.136789899996074,44559.858776599998,3,0,1
68475,15.155115499997919,44559.8771022,6,0,1
68475,15.155115499997919,44559.8771022,7,0,1
68475,15.161425099999178,44559.883411800001,3,0,1
68475,15.165442299999995,44559.887429000002,3,0,2
68475,15.183580999997503,44559.9055677,6,0,1
68475,15.183580999997503,44559.9055677,7,0,1
68475,15.186867099997471,44559.9088538,6,0,1
68475,15.186867099997471,44559.9088538,7,0,1
68475,15.197224700001243,44559.919211400003,3,0,1
68475,15.198011000000406,44559.919997700003,3,0,2
68475,15.207038100001228,44559.929024800003,3,0,2
68475,15.2181025999962,44559.940089299998,3,0,1
68475,15.241291099999216,44559.963277800001,3,0,1
68475,15.265596299999743,44559.987583000002,3,0,2
68475,15.275452900001255,44559.997439600003,3,0,1
68475,15.27890219999972,44560.000888900002,3,0,1
68475,15.297222399996826,44560.019209099999,3,0,1
68475,15.322748200000206,44560.044734900002,3,0,1
68475,15.326522499999555,44560.048509200002,3,0,2
68475,15.328486599995813,44560.050473299998,3,0,1
68475,15.329901400000381,44560.051888100003,3,0,2
68475,15.345717500000319,44560.067704200002,3,0,1
68475,15.348146899996209,44560.070133599998,3,0,2
68475,15.351033300001291,44560.073020000003,3,0,2
68475,15.354148300000816,44560.076135000003,3,0,1
68475,15.378486099994916,44560.100472799997,3,0,1
68475,15.401164700000663,44560.123151400003,3,0,1
68475,15.41634029999841,44560.138327000001,3,0,1
68475,15.430343799998809,44560.152330500001,3,0,1
68475,15.444943499998772,44560.166930200001,3,0,1
68475,15.445293400000082,44560.167280100002,3,0,1
68475,15.468283199996222,44560.190269899998,3,0,2
68475,15.478750499998569,44560.200737200001,3,0,1
68475,15.49267300000065,44560.214659700003,3,0,1
68475,15.511003299994627,44560.232989999997,3,0,1
68475,15.549948299994867,44560.271934999997,3,0,1
68475,15.574450100000831,44560.296436800003,6,0,1
68475,15.574450100000831,44560.296436800003,7,0,1
68475,15.587648900000204,44560.309635600002,3,0,1
68475,15.590294800000265,44560.312281500002,3,0,1
